"Sign","Name"
"𒤦","|(1(N58).BAD)~b|"
"𒛫","|(BU~a&BU~a).NA₂~a|"
"󲐏","|(BU~a&BU~a).X|"
"𒛬","|(BU~a%BU~a).NA₂~a@n|"
"𒜵","|(DUB@n~a×1(N58))~a|"
"𒜶","|(DUB@n~a×1(N58))~b|"
"𒝳","|(DUG~b&DUG~b)×1(N58)|"
"𒝆","|(DUG~b×DIN)@r|"
"𒠉","|(GI&GI)×GIŠ@t|"
"󲐴","|(GI&GI)×ŠE₃|"
"𒠡","|(GIŠ×(DIN.DIN))~a|"
"𒠢","|(GIŠ×(DIN.DIN))~b|"
"𒠣","|(GIŠ×(DIN.DIN))~c|"
"𒠤","|(GIŠ×ŠU₂)~a|"
"𒠥","|(GIŠ×ŠU₂)~b|"
"󲃶","|(HI×1(N57)).(HI×1(N57))|"
"𒨅","|(SUKUD+SUKUD)~a|"
"𒨆","|(SUKUD+SUKUD)~b|"
"󲑵","|(SUKUD+SUKUD)~d|"
"𒨐","|(ŠA×HI@g~a)~a|"
"𒨑","|(ŠA×HI@g~a)~b|"
"󲉑","|1(N02).RU|"
"󰄭","|1(N34)×1(N58)|"
"󲊏","|1(N57).AB₂|"
"𒯬𒛮","|1(N57).BU₃|"
"𒯬𒤤","|1(N57).MUŠEN|"
"󲊦","|1(N57).SIG|"
"󲊨","|1(N57).ŠAH₂~a|"
"󲈞","|1(N57).ŠUBUR|"
"󲊮","|1(N57).URU~a1|"
"𒤥","|1(N58).BAD|"
"󲊐","|2(N57).AB₂|"
"󲊕","|2(N57).BIR₃~a|"
"󲊞","|2(N57).KU₆~a|"
"𒯭𒤤","|2(N57).MUŠEN|"
"󲊧","|2(N57).SU~a|"
"󲊩","|2(N57).ŠUBUR|"
"󲊯","|2(N57).URU~a1|"
"󲊑","|3(N57).AMAR|"
"𒯮𒛂","|3(N57).AZ|"
"󲊔","|3(N57).BARA₃|"
"󲈠","|3(N57).E₂~b|"
"𒯮𒞍","|3(N57).EN₂|"
"󲊗","|3(N57).GAR|"
"󲊟","|3(N57).LAM~a.KUR~a.RU|"
"󲊢","|3(N57).MUŠEN|"
"󲊣","|3(N57).NUNUZ~a1|"
"󲊤","|3(N57).NUNUZ~c|"
"󲊥","|3(N57).PIRIG~b1|"
"󲆰","|3(N57).RU|"
"𒯮𒦣","|3(N57).SANGA~a|"
"𒯮𒦬","|3(N57).SI|"
"󲊪","|3(N57).ŠUBUR|"
"𒤧","|3(N58).UR₃~b1|"
"󲊒","|4(N57).AMAR|"
"󲊘","|4(N57).GAR|"
"󲊛","|4(N57).KU₃~a|"
"󲊙","|5(N57).GAR|"
"󲊜","|5(N57).KU₃~a|"
"󲊚","|6(N57).GAR|"
"󲊝","|6(N57).KU₃~a|"
"󲕅","|7(N57).GAR|"
"𒚔","|A×1(N14)|"
"󲐀","|A×AB₂|"
"𒚑","|A×EN~a|"
"𒚒","|A×ŠUBUR|"
"𒚓","|A×ZATU672|"
"𒚙","|AB~a×(ŠE~a&ŠE~a)|"
"𒚛","|AB~a×1(N04)|"
"𒚗","|AB~a×A@t|"
"𒚘","|AB~a×AŠ₂|"
"󲐃","|AB~a×SUKKAL|"
"𒚚","|AB~a×ZATU659|"
"󲐆","|AB~b×A|"
"󲐇","|AB~b×KU₆~a|"
"󲐈","|AB~b×ŠA₃~a1|"
"𒚟","|AB₂×2(N14)|"
"𒚲","|AMA~a×E₂~a|"
"󲈪","|AMAR.1(N02)|"
"𒚶","|AMAR&AMAR|"
"𒚵","|AMAR×TAR~c|"
"󲈬","|APIN~a.APIN~a|"
"𒛆","|BAD&BAD|"
,"|BU~a&BU~a|"
"𒛨","|BU~a+DU₆~a|"
"𒛩","|BU~a+KI|"
"󲐎","|BU~a×1(N58)|"
"𒛪","|BU~a×A|"
"󲐍","|BU~a×GIŠ@t|"
"󲈭","|BU~b.NA₂~a|"
"󲈯","|DA~a.LIŠ|"
"𒛾","|DAR~a×A|"
"𒜅","|DARA₃~c×(KAR₂.ŠE~a)|"
"𒜄","|DARA₃~c×KAR₂|"
"𒜇","|DARA₃~d×(KAR₂.ŠE~a)|"
"𒜈","|DARA₃~d×KAR₂~b|"
"𒜜","|DIN×1(N58)|"
"󲈰","|DU.U₄.1(N14).1(N08)|"
"𒜟","|DU×1(N58@t)|"
"𒜢","|DU₆~a×1(N58)|"
"𒜩","|DU₈~c×AB₂|"
"𒜪","|DU₈~c×AMAR|"
"𒜫","|DU₈~c×HI|"
"𒜬","|DU₈~c×UDU~a|"
"𒜷","|DUB@n~b×1(N58)~a|"
"𒜾","|DUG~a×1(N57)|"
"󲐒","|DUG~a×KASKAL|"
"𒜺","|DUG~a×KU₆~a|"
"󲐓","|DUG~a×LAM~b|"
"𒜻","|DUG~a×NAGA~a|"
"𒜼","|DUG~a×U₂~a|"
"𒜽","|DUG~a×U₂~b|"
"𒝱","|DUG~b×(1(N57).KU₃~a)|"
"󲐕","|DUG~b×(KUR~a.X)|"
"󲐖","|DUG~b×(NI~a@g.ZATU779)|"
"𒝙","|DUG~b×(SA~a.GI)|"
"󲐗","|DUG~b×(SI₄~a.X)|"
"𒝡","|DUG~b×(ŠE~a.NAM₂)|"
"𒝣","|DUG~b×(TAK₄~a.SA~a)|"
"𒝤","|DUG~b×(TAK₄~a.SAL)|"
"𒝨","|DUG~b×(UDU~a×TAR~b)|"
"𒝯","|DUG~b×(ZATU789.SA~a)|"
"𒝰","|DUG~b×1(N57)|"
"𒝲","|DUG~b×1(N58)|"
"󲐙","|DUG~b×3(N57)|"
"𒝀","|DUG~b×AB₂|"
"𒝁","|DUG~b×ANŠE~b|"
"𒝂","|DUG~b×ANŠE~d|"
"󲔮","|DUG~b×BA|"
"𒝃","|DUG~b×BALA~a|"
"𒝄","|DUG~b×BIR₃~c|"
"𒝅","|DUG~b×DIN|"
"󲐔","|DUG~b×E~a|"
"𒝇","|DUG~b×GA~a|"
"𒝈","|DUG~b×GA~b|"
"𒝉","|DUG~b×GEŠTU~a|"
"𒝊","|DUG~b×GEŠTU~b|"
"𒝋","|DUG~b×GI₆|"
"𒝌","|DUG~b×GIŠ|"
"𒝎","|DUG~b×HI@g~a|"
"𒝍","|DUG~b×HI|"
"𒝏","|DUG~b×KASKAL|"
"𒝐","|DUG~b×KU₆~a|"
"𒝓","|DUG~b×KUR@g~a|"
"𒝑","|DUG~b×KUR~a|"
"𒝒","|DUG~b×KUR~b|"
"𒝔","|DUG~b×LAM~a|"
"𒝕","|DUG~b×MAŠ|"
"𒝖","|DUG~b×NAGA~a|"
"𒝗","|DUG~b×NAM₂|"
"𒝘","|DUG~b×SA~a|"
"𒝚","|DUG~b×SI₄~a|"
"𒝛","|DUG~b×SIG₂~a1|"
"𒝜","|DUG~b×SIG₂~a2|"
"𒝝","|DUG~b×SIG₇|"
"𒝞","|DUG~b×SUHUR|"
"󲔬","|DUG~b×SUKUD~d|"
"𒝟","|DUG~b×ŠAH₂~a|"
"𒝠","|DUG~b×ŠE~a|"
"𒝢","|DUG~b×TAK₄~a|"
"𒝥","|DUG~b×TI|"
"𒝦","|DUG~b×U₂~a|"
"𒝧","|DUG~b×U₂~b|"
"𒝪","|DUG~b×UH₃~a@t|"
"𒝩","|DUG~b×UH₃~a|"
"󲂻","|DUG~b×X|"
"󲐘","|DUG~b×ZATU707~a|"
"𒝫","|DUG~b×ZATU764|"
"𒝬","|DUG~b×ZATU779|"
"𒝭","|DUG~b×ZATU780|"
"𒝮","|DUG~b×ZATU781|"
"𒝵","|DUG~c×1(N57)|"
"󲈱","|E₂~a.LIŠ|"
"󲈲","|E₂~a.NUN~a|"
"𒞀","|E₂~a×1(N58@t)|"
"󲐛","|E₂~a×3(N58)|"
"󲈳","|E₂~b.LIŠ|"
"𒞂","|E₂~b×1(N58@t)|"
"󲃋","|EN~a.EZEN~b×ŠE~a@t.NUN~a.SIG₇|"
"󲃈","|EN~a.ME~a.GI|"
"󲈵","|EN~a.ME~a.MU|"
"󲐜","|EN~c&EN~c|"
"󲈶","|EN₂.E₂~a|"
"󲈷","|EN₂.E₂~b|"
"󲅃","|EŠDA.NAM₂|"
"𒞓","|EŠDA×TAR~a|"
"𒞗","|EZEN~a×(HI×1(N57).AN)|"
"𒞟","|EZEN~a×(U₂~b.A)|"
"󲐠","|EZEN~a×EN~a|"
"𒞖","|EZEN~a×EN~b|"
"𒞘","|EZEN~a×KAB|"
"𒞙","|EZEN~a×KAŠ~b|"
"𒞚","|EZEN~a×KI|"
"𒞛","|EZEN~a×NIM~b2|"
"𒞜","|EZEN~a×NIMGIR|"
"𒞝","|EZEN~a×RAD~a|"
"󲐞","|EZEN~a×SAG|"
"𒞞","|EZEN~a×SU~a|"
"𒞠","|EZEN~a×U₄|"
"󲐟","|EZEN~a×X|"
"𒞣","|EZEN~b×6(N57)|"
"󲃑","|GA~a.ZATU753|"
"𒞭","|GA~c×1(N14)|"
"𒞬","|GA~c×KASKAL|"
"󲐤","|GA₂~a1×((SUKUD+SUKUD)~a)|"
"󲐥","|GA₂~a1×((SUKUD+SUKUD)~b)|"
"𒞶","|GA₂~a1×(GIR~a.KU₆~a)|"
"󲐡","|GA₂~a1×(HI.SUHUR)|"
"𒞼","|GA₂~a1×(KU₆~a+KU₆~a)|"
"𒟈","|GA₂~a1×1(N14)|"
"𒟉","|GA₂~a1×1(N57)|"
"𒞯","|GA₂~a1×A|"
"𒞰","|GA₂~a1×E₂~a|"
"󲔧","|GA₂~a1×EN~a|"
"𒞱","|GA₂~a1×EN~b|"
"𒞲","|GA₂~a1×GEŠTU~a|"
"𒞳","|GA₂~a1×GEŠTU~c3|"
"𒞴","|GA₂~a1×GEŠTU~c5|"
"𒞵","|GA₂~a1×GIR~a|"
"𒞷","|GA₂~a1×GIŠ@t|"
"𒞸","|GA₂~a1×HAL|"
"𒞹","|GA₂~a1×HI|"
"𒞺","|GA₂~a1×KU₃~a|"
"𒞻","|GA₂~a1×KU₆~a|"
"𒞽","|GA₂~a1×LAGAB~b|"
"𒞾","|GA₂~a1×MAŠ|"
"󲐢","|GA₂~a1×NAGA~a|"
"󲐣","|GA₂~a1×NIM~b1|"
"𒞿","|GA₂~a1×PAD~b|"
"𒟀","|GA₂~a1×PAP~a|"
"𒟁","|GA₂~a1×SU~a|"
"𒟂","|GA₂~a1×SUHUR|"
"𒟃","|GA₂~a1×SUKUD|"
"𒟄","|GA₂~a1×SUMAŠ|"
"𒟅","|GA₂~a1×ŠA|"
"𒟆","|GA₂~a1×TI|"
"𒟇","|GA₂~a1×U₄|"
"󲐦","|GA₂~a1×X|"
"󲔩","|GA₂~a1×X₁|"
"𒟏","|GA₂~a2×(ŠE₃.GU₄)|"
"󲕃","|GA₂~a2×3(N57)|"
"𒟋","|GA₂~a2×GU₄|"
"𒟌","|GA₂~a2×NI~a|"
"󲐨","|GA₂~a2×NI~b|"
"𒟍","|GA₂~a2×SUHUR|"
"𒟎","|GA₂~a2×ŠE₃|"
"󲐩","|GA₂~a2×X|"
"󲐪","|GA₂~a3×X|"
"𒟓","|GA₂~b×DUB~a|"
"𒟔","|GA₂~b×DUB~b|"
"󲐫","|GA₂~b×KU₃~a|"
"𒟕","|GA₂~b×KU₆~a|"
"󲔯","|GA₂~b×NUN~b|"
"𒟖","|GA₂~b×ZATU659|"
"󲈸","|GAL~a.BUR₂|"
"󲈹","|GAL~a.NI~a|"
"󲈺","|GAL~a.NIM~a|"
"𒟬","|GAN~c×(4(N57).GAR)|"
"𒟦","|GAN~c×(HI.DIN)|"
"𒟨","|GAN~c×(KUR~a.A)|"
"𒟤","|GAN~c×DIN|"
"𒟥","|GAN~c×HI|"
"𒟧","|GAN~c×KAŠ~c|"
"𒟩","|GAN~c×LAGAB~b|"
"󲐮","|GAN~c×NE~a|"
"𒟪","|GAN~c×SIG₇|"
"󲐰","|GAN~c×ŠE~a|"
"󲐱","|GAN~c×ŠE₃@t|"
"󲐯","|GAN~c×X|"
"𒟫","|GAN~c×ZATU777|"
"𒟭","|GAN~d×GEŠTU~a|"
"󲈻","|GEŠTU~a.NAGA~a|"
"𒟺","|GEŠTU~a×ŠE~a@t|"
"𒠊","|GI&GI&GI|"
"𒠈","|GI&GI|"
"𒠆","|GI×1(N14)|"
"𒠇","|GI×1(N58@t)|"
"𒟿","|GI×A|"
"𒠀","|GI×GIŠ@t|"
"𒠁","|GI×KU~b1|"
"𒠂","|GI×LAGAB~a|"
"𒠃","|GI×NAM₂|"
"𒠄","|GI×SIG₂~d1|"
"𒠅","|GI×ŠE₃|"
"󲐳","|GI×X|"
"󲐶","|GI₄~a&GI₄~a|"
"𒠍","|GI₄~a×A|"
"𒠏","|GI₄~b&GI₄~b|"
"󲈽","|GIR~a.KU₆~a|"
"󲈾","|GIR~b.GIR~b|"
"𒠗","|GIR₃~a×ŠE~b|"
"󲈿","|GIR₃~c.AB~a|"
"󲉀","|GIR₃~c.PIRIG~b1|"
"󲐺","|GIR₃~c×KAR₂~b|"
"𒠚","|GIR₃~c×ŠE₃|"
"󲉁","|GIŠ.TE|"
"𒠨","|GIŠ₃~a&GIŠ₃~a|"
"󲉃","|GU₄.ZATU755~b|"
"𒠻","|GUG₂×SILA₃~a|"
"󲓼","|GUG₂×ŠITA~a1|"
"𒠼","|GUG₂×TUR|"
"󲉄","|GUKKAL~a.HI@g~a|"
"𒡉","|GURUŠ~a×2(N14)|"
"𒡋","|GURUŠ~b×2(N14)|"
"𒡌","|GURUŠ~c×2(N14)|"
"𒡑","|HAŠHUR×MA|"
"󲉅","|HI.LAGAB~a|"
"󲃳","|HI.SUHUR|"
"𒡓","|HI×1(N57)|"
"𒡔","|HI×1(N57@t)|"
"󲐽","|HI×1(N58)|"
"󲐼","|HI×ZATU707~a|"
"󲉆","|IR~a.GA₂~a1|"
"󲄆","|KA~a.ŠE~a|"
"𒡭","|KA~a×SAR~a|"
"𒡰","|KA₂~d×LAM~b|"
"󲑀","|KAB×1(N58)|"
"󲉇","|KAK~a.GA₂~a1|"
"𒢇","|KAŠ~b×ŠE~a@t|"
"𒢌","|KI@n×DUB~a|"
"󲉉","|KU₆~a.1(N02)|"
"𒢫","|KU₆~a+KU₆~a|"
"󲉊","|KUR~a.E₂~a|"
"󲆮","|KUR~a.RU|"
"󲉌","|KUR~b.E₂~a|"
"𒢿","|LAGAB~a×(KU₆~a+KU₆~a)|"
"𒣍","|LAGAB~a×1(N58)|"
"𒣌","|LAGAB~a×2(N14)|"
"󲑉","|LAGAB~a×BA|"
"󲑊","|LAGAB~a×BIR₃~b|"
"𒢽","|LAGAB~a×DU₆~a|"
"󲑋","|LAGAB~a×KAK~a|"
"𒢾","|LAGAB~a×KU₆~a|"
"𒣀","|LAGAB~a×KUŠU₂~a@t|"
"󲔡","|LAGAB~a×LA₂~a|"
"󲑌","|LAGAB~a×LAGAB~a|"
"𒣁","|LAGAB~a×ME~a|"
"󲔠","|LAGAB~a×NI~a|"
"𒣂","|LAGAB~a×NUN~b|"
"𒣃","|LAGAB~a×PA~a|"
"󲑍","|LAGAB~a×SI|"
"𒣄","|LAGAB~a×SIG₇|"
"𒣅","|LAGAB~a×SU~a|"
"𒣆","|LAGAB~a×ŠA|"
"𒣇","|LAGAB~a×ŠITA~a1|"
"𒣈","|LAGAB~a×TI|"
"𒣉","|LAGAB~a×U₄|"
"𒣊","|LAGAB~a×UB|"
"󲄠","|LAGAB~a×X|"
"𒣋","|LAGAB~a×ZATU753|"
"𒣎𒩢","|LAGAB~b.TE|"
"𒣓","|LAGAB~b&LAGAB~b|"
"󲔟","|LAGAB~b×(HI×1(N04))|"
"󲑎","|LAGAB~b×BANŠUR~a|"
"󲑏","|LAGAB~b×GAʾAR~a1|"
"𒣏","|LAGAB~b×HI|"
"𒣐","|LAGAB~b×KUR~e|"
"𒣑","|LAGAB~b×PA~a|"
"󲑐","|LAGAB~b×SUH₃|"
"𒣒","|LAGAB~b×U₄|"
"󲔂","|LAGAB~b×X|"
"󲑑","|LAL₂~a×EZEN~a|"
"𒣚","|LAL₂~a×NAGA~a|"
"𒣛","|LAL₂~a×NIM~b2|"
"󲄩","|LU₂.GAL~a|"
"󲑓","|LU₂×GEŠTU~c3|"
"𒣩","|MA×1(N58)|"
"𒣧","|MA×A|"
"𒣨","|MA×MA|"
"𒣳","|MAH~a×(SILA₃~a×UMBIN~a)|"
"𒣮","|MAH~a×AB₂|"
"𒣯","|MAH~a×GUKKAL~a|"
"𒣰","|MAH~a×KU₆~a|"
"𒣱","|MAH~a×MAŠ|"
"𒣲","|MAH~a×NA~a|"
"𒣴","|MAH~a×TUG₂~a|"
"𒣵","|MAH~a×TUN₃~c|"
"𒣶","|MAH~a×UD₅~a|"
"𒣷","|MAH~a×UDU~a|"
"𒣸","|MAH~a×UR~a|"
"𒣹","|MAH~a×UTUA~a|"
"󲑔","|MAH~a×X|"
"𒣺","|MAH~a×ZATU659|"
"󲑕","|MAH~b×KU₆~a|"
"󲑖","|MAH~b×MAŠ|"
"𒣼","|MAH~b×NA~a|"
"𒣽","|MAH~b×SAL|"
"𒤃","|MAR~b×(LAGAB~b.ŠE₃)|"
"𒤂","|MAR~b×GAR|"
"𒤄","|MAR~b×ŠE~a|"
"󲑗","|MAR~b×X|"
"󲉎","|MUŠ₃~a.AB~a|"
"󲉏","|MUŠ₃~a.ERIN|"
"󲉐","|MUŠ₃~a.UNUG~a|"
"󲔙","|MUŠEN.3(N58)|"
"󲇕","|MUŠEN.ŠE~a|"
"󲄹","|MUŠEN.UR₃~b2|"
"󲔆","|MUŠEN×PAP~a|"
"𒤱","|NAGA~a×TAK₄~a|"
"󲉒","|NAGAR~a.BU~a|"
"󲉓","|NAGAR~b.BU~a|"
"𒤺","|NAM₂×1(N01)|"
"󲉔","|NE~a.RU|"
"󲃢","|NE~c.GI|"
"󲉕","|NI~a.RU|"
"𒥉","|NI~b×4(N57)|"
"𒥊","|NI~b×8(N57)|"
"󲑜","|NI~b×X|"
"𒥧","|NINDA₂×(1(N06).HI@g~a)|"
"𒥔","|NINDA₂×(AN.HI)|"
"𒥕","|NINDA₂×(AN.ME~a)|"
"󲑝","|NINDA₂×(AN.X)|"
"𒥜","|NINDA₂×(HI.AN.ME~a)|"
"𒥝","|NINDA₂×(HI.ME~a)|"
"󲑟","|NINDA₂×(HI.X)|"
"󲑠","|NINDA₂×(U₄.X)|"
"󲑡","|NINDA₂×(UDU~a×TAR~a)|"
"󲑢","|NINDA₂×(UDU~a×TAR~b)|"
"𒥣","|NINDA₂×(ZATU659×1(N01))|"
"𒥥","|NINDA₂×1(N01)|"
"𒥨","|NINDA₂×1(N08)|"
"𒥦","|NINDA₂×2(N01)|"
"𒥓","|NINDA₂×AN|"
"󲑞","|NINDA₂×BA|"
"𒥖","|NINDA₂×EZEN~b|"
"𒥘","|NINDA₂×GAR|"
"𒥗","|NINDA₂×GAʾAR~a1|"
"𒥙","|NINDA₂×GIŠ|"
"𒥚","|NINDA₂×GU₄|"
"𒥛","|NINDA₂×HI|"
"𒥞","|NINDA₂×KAŠ~b|"
"𒥟","|NINDA₂×MAR~a|"
"𒥠","|NINDA₂×MAR~b|"
"𒥡","|NINDA₂×NUN~a|"
"𒥢","|NINDA₂×U₄|"
"󲑣","|NINDA₂×X|"
"𒥤","|NINDA₂×ZATU710|"
"𒥪","|NIR~a×AN|"
"𒥯","|NU₁₁&NU₁₁|"
"󲂄","|NUN~a.ME~a.DU|"
"󲂂","|NUN~a.ME~a|"
"𒥳","|NUN~a+A|"
"𒥴","|NUN~a+EN~a|"
"𒥵","|NUN~a+EN~b|"
"𒥶","|NUN~a+EN~d|"
"𒥷","|NUN~a+NAM₂|"
"𒥸𒩿","|NUN~b.U₄|"
"𒥹","|NUN~b+EN~a|"
"󲆇","|PA~a.IB~a|"
"󲅷","|PA~a.UDU~a|"
"󲆊","|PAP~a.IB~a|"
"𒦌","|PIRIG~b1+DIN|"
"󲑧","|PIRIG~b1×UR₂|"
"𒦙","|SAG+UKKIN~b×1(N57)|"
"󲑫","|SAG×1(N14)|"
"𒦚","|SAG×GEŠTU~a|"
"𒦛","|SAG×GEŠTU~b|"
"󲑪","|SAG×GEŠTU~c|"
"𒦜","|SAG×MA|"
"𒦝","|SAG×NAM₂|"
"󲉗","|SAL.KUR~a|"
"󲉘","|SAL.LAGAR~a|"
"󲉙","|SAL.LAM~b|"
"𒦡𒤈","|SAL.ME~a|"
"󲉛","|SAL.NAM₂.EZEN~b×ŠE~a@t.NUN~a.SIG₇|"
"󲉚","|SAL.NAM₂|"
"󲉝","|SAL.SILA₄~c|"
"󲉞","|SAL.ŠU₂|"
"󲉟","|SAL.ZATU751~a|"
"󲉡","|SAL.ZATU751~c|"
"𒦢","|SAL×1(N58)|"
"𒦨","|SAR~a×ŠE~a|"
"𒦭","|SI+AN|"
"𒦴","|SI×1(N58)|"
"𒦮","|SI×EN~a|"
"𒦯","|SI×GU₄|"
"𒦰","|SI×KU~b1|"
"𒦱","|SI×SAL|"
"𒦲","|SI×ŠE₃|"
"𒦳","|SI×TUN₃~a|"
"𒧀","|SIG₂~b&SIG₂~b|"
"󲑭","|SIG₂~b×1(N14)|"
"𒧩","|SILA₃~a×(ZATU659.TU~c)|"
"𒧪","|SILA₃~a×1(N57)|"
"󲑱","|SILA₃~a×1(N58)|"
"𒧋","|SILA₃~a×A|"
"𒧌","|SILA₃~a×AMAR|"
"𒧍","|SILA₃~a×DUG~a|"
"𒧎","|SILA₃~a×GA~a|"
"𒧏","|SILA₃~a×GARA₂~a|"
"𒧐","|SILA₃~a×GEŠTU~a|"
"𒧑","|SILA₃~a×GEŠTU~c3|"
"󲑮","|SILA₃~a×GEŠTU~c5|"
"𒧒","|SILA₃~a×HAŠHUR|"
"󲑯","|SILA₃~a×HI@g~a|"
"𒧓","|SILA₃~a×HI|"
"𒧔","|SILA₃~a×IB~a|"
"𒧕","|SILA₃~a×KAŠ~a|"
"𒧖","|SILA₃~a×KAŠ~c|"
"𒧗","|SILA₃~a×KAŠ~d|"
"𒧘","|SILA₃~a×KU₆~a|"
"𒧙","|SILA₃~a×KUR~a|"
"𒧚","|SILA₃~a×MA|"
"𒧛","|SILA₃~a×MAŠ|"
"𒧜","|SILA₃~a×MUD₃~b|"
"𒧝","|SILA₃~a×NAGA~a|"
"𒧞","|SILA₃~a×NI~a|"
"𒧟","|SILA₃~a×NUN~b|"
"𒧠","|SILA₃~a×SUHUR|"
"𒧡","|SILA₃~a×SUM~a|"
"𒧢","|SILA₃~a×SUM~b|"
"𒧤","|SILA₃~a×ŠE~a@t|"
"𒧣","|SILA₃~a×ŠE~a|"
"𒧥","|SILA₃~a×ŠU|"
"𒧦","|SILA₃~a×ŠU₂|"
"󲑰","|SILA₃~a×X|"
"𒧧","|SILA₃~a×ZATU629|"
"𒧨","|SILA₃~a×ZATU646|"
"𒧬","|SILA₃~b×GUG₂|"
"𒧭","|SILA₃~b×NAGA~b|"
"𒧮","|SILA₃~b×NI~a|"
"𒧯","|SILA₃~b×NI~b|"
"󲑳","|SILA₃~c×ŠU|"
"𒧰","|SILA₃~c×ZATU687|"
"󲑴","|SILA₃~d×NI~a|"
"𒧸","|SU~a×1(N58)|"
"󲈧","|ŠE~a.GAR|"
"󲉣","|ŠE~a.GUG₂|"
"󲆏","|ŠE~a.KIN₂~c|"
"󲔞","|ŠE~a.NAM₂|"
"𒨣","|ŠE~a&ŠE~a|"
"𒨯","|ŠEN~e×A|"
"󲉤","|ŠEŠ~a.NA~a|"
"󲑻","|ŠITA@g~a×1(N04)|"
"𒩄","|ŠITA@g~a×1(N06)|"
"󲉥","|ŠITA~a1.MUD₃~a|"
"󲑺","|ŠITA~a1×1(N06)|"
"𒨺","|ŠITA~a1×KAK~a|"
"𒨻","|ŠITA~a1×ŠU|"
"󲑸","|ŠITA~a1×ŠU₂|"
"󲑹","|ŠITA~a1×UDU~a|"
"𒩀","|ŠITA~b2@g×HI@g~a|"
"𒩂","|ŠITA~b3×NAM₂|"
"𒩈","|ŠU&ŠU|"
"𒩇","|ŠU×1(N58)|"
"󲉫","|ŠU₂.(HI×1(N57))&(HI×1(N57))|"
"󲉮","|ŠU₂.1(N02)|"
"󲉯","|ŠU₂.1(N24)|"
"󲉦","|ŠU₂.AN|"
"󲉧","|ŠU₂.E₂~a|"
"󲉨","|ŠU₂.E₂~b|"
"󲆥","|ŠU₂.EN~a|"
"󲉩","|ŠU₂.EN~b|"
"󲉬","|ŠU₂.PAP~a|"
"󲉭","|ŠU₂.URI₃~a|"
"󲔝","|ŠU₂×3(N57)|"
"𒩎","|ŠUR₂×1(N58)|"
"󲑼","|TA~d×MAŠ|"
"󲉱","|TE.A|"
"󲆷","|TUG₂~a.BAD&BAD|"
"󲉲","|TUR₃~a.5(N57)|"
"󲉵","|U₄.1(N08)|"
"󲉽𒕙","|U₄.1(N14).1(N08)|"
"󲉾","|U₄.1(N14).3(N08)|"
"󲉿","|U₄.1(N14).4(N08)|"
"󲊀","|U₄.1(N14).5(N08)|"
"󲊁","|U₄.1(N14).8(N08)|"
"󲉽","|U₄.1(N14)|"
"󲊃","|U₄.1(N24)|"
"󲉶","|U₄.2(N08)|"
"󲊂","|U₄.2(N14)|"
"󲉷","|U₄.3(N08)|"
"󲉸","|U₄.4(N08)|"
"󲉹","|U₄.5(N08)|"
"󲉺","|U₄.6(N08)|"
"󲉻","|U₄.7(N08)|"
"󲉼","|U₄.8(N08)|"
"󲉳","|U₄.AB~b|"
"󲉴","|U₄.ŠU₂|"
"𒪁","|U₄×(1(N01).1(N24))|"
"𒪈","|U₄×(1(N14).1(N01))|"
"𒪉","|U₄×(1(N14).2(N01))|"
"󲊊","|U₄×(1(N14).3(N01)).1(N14).4(N08)|"
"𒪊","|U₄×(1(N14).4(N01))|"
"𒪋","|U₄×(1(N14).8(N01))|"
"𒪌","|U₄×(2(N14).4(N01))|"
"𒪍","|U₄×(3(N14).2(N01))|"
"𒪎","|U₄×(3(N14).7(N01))|"
"󲒀","|U₄×(X+2(N01))|"
"󲊄","|U₄×1(N01).5(N08)|"
"𒪀","|U₄×1(N01)|"
"𒪇","|U₄×1(N14)|"
"𒪏","|U₄×1(N57)|"
"𒪘","|U₄×1(N58@t)|"
"𒪗","|U₄×10(N57)|"
"󲊆","|U₄×2(N01).2(N14).1(N08)|"
"󲊅","|U₄×2(N01).2(N14)|"
"󲒂","|U₄×2(N01).X|"
"󲒁","|U₄×2(N01)|"
"𒪐","|U₄×2(N57)|"
"󲊇","|U₄×3(N01).3(N08)|"
"𒪂","|U₄×3(N01)|"
"𒪑","|U₄×3(N57)|"
"󲊈","|U₄×4(N01).2(N14)|"
"𒪃","|U₄×4(N01)|"
"𒪒","|U₄×4(N57)|"
"󲊉","|U₄×5(N01).1(N14)|"
"𒪄","|U₄×5(N01)|"
"𒪓","|U₄×5(N57)|"
"𒪅","|U₄×6(N01)|"
"𒪔","|U₄×6(N57)|"
"𒪕","|U₄×7(N57)|"
"󲒃","|U₄×8(N01).X|"
"𒪆","|U₄×8(N01)|"
"𒪖","|U₄×8(N57)|"
"󲒄","|U₄×N(N01)|"
"󲑿","|U₄×X|"
"𒪛","|U₈×TAR~b|"
"𒪥","|UDU~a×TAR~a|"
"𒪦","|UDU~a×TAR~b|"
"󲄎","|UKKIN~a.GAL~a|"
"𒪱","|UKKIN~b×(DIN.1(N01))|"
"𒪴","|UKKIN~b×2(N01)|"
"𒪵","|UKKIN~b×3(N01)|"
"𒪶","|UKKIN~b×5(N01)|"
"𒪰","|UKKIN~b×DIN|"
"𒪲","|UKKIN~b×HI@g~a|"
"𒪳","|UKKIN~b×NI~a|"
"󲒈","|UKKIN~b×X|"
"𒪾","|UNUG~a×A@t|"
"󲒉","|UR~a×KAR₂~b|"
"𒫈","|UR₂×1(N57)|"
"𒫇","|UR₂×TAR~c|"
"󲒊","|UR₃~b1×MAŠ|"
"󲊋","|URI₃~a.AB~a|"
"󲅅","|URI₃~a.NA~a|"
"𒫜","|URU~a1×3(N57)|"
"𒫗","|URU~a1×AMAR|"
"󲒋","|URU~a1×GU₄|"
"𒫘","|URU~a1×HI@g~a|"
"𒫙","|URU~a1×KI|"
"𒫚","|URU~a1×NIMGIR|"
"𒫛","|URU~a1×U₄|"
"󲒌","|URU~a1×X|"
"𒫞","|URU~a2×1(N58)|"
"𒫟","|URU~a3×KALAM~a|"
"󲃼","|UŠ~a.KUR~a|"
"𒫪","|UŠ~a&UŠ~a|"
"𒫭","|UŠ~b&UŠ~b|"
"𒫬","|UŠ~b×TAR~c|"
"󲓋","|X(N57).GAR|"
"󲒔","|ZATU644~a×1(N14)|"
"𒬨","|ZATU651×AN|"
"𒬩","|ZATU651×EN~a|"
"𒬪","|ZATU651×GAR|"
"𒬫","|ZATU651×MA|"
"𒬬","|ZATU651×NUN~a|"
"󲒗","|ZATU651×ŠE~a|"
"󲒖","|ZATU651×X|"
"𒬭","|ZATU651×ZAR~c|"
"𒬰","|ZATU659×1(N01)|"
"𒬱","|ZATU659×1(N14)|"
"𒬲","|ZATU659×1(N58@t)|"
"𒬴","|ZATU662×1(N14)|"
"𒭴","|ZATU711×HI@g~a|"
"󲒝","|ZATU711×X|"
"󲊎","|ZATU714.RU|"
"𒭷","|ZATU714×HI@g~a|"
"󲒞","|ZATU714×X|"
"󲔚","|ZATU737@t×PAP~a|"
"𒮏","|ZATU737×AB~a|"
"𒮐","|ZATU737×BU~a|"
"𒮑","|ZATU737×BUR~a|"
"𒮒","|ZATU737×DI|"
"󲒡","|ZATU737×E~a|"
"𒮓","|ZATU737×EN~a|"
"𒮔","|ZATU737×EN~b|"
"𒮕","|ZATU737×GAR|"
"󲔛","|ZATU737×I|"
"𒮖","|ZATU737×NI~a@g|"
"𒮗","|ZATU737×NIMGIR|"
"𒮘","|ZATU737×SAL|"
"𒮙","|ZATU737×SU~a|"
"𒮚","|ZATU737×ŠE~a|"
"𒮛","|ZATU737×ŠITA~a1|"
"𒮜","|ZATU737×U₄|"
"𒮝","|ZATU737×UNUG~a|"
"󲒢","|ZATU737×X|"
"󲒥","|ZATU759@t×X|"
"𒮯","|ZATU759×(KU₆~a+KU₆~a)|"
"𒮮","|ZATU759×KU₆~a|"
"󲒣","|ZATU759×KU₆~d|"
"󲒤","|ZATU759×X|"
"𒮱","|ZATU762~a×NIM~a|"
"𒮳","|ZATU762~b×AB~a|"
"𒕐","1(N01)"
"𒙌","1(N01@f)"
"𒖉","1(N01@r)"
"𒖾","1(N02)"
"𒗯","1(N03)"
"𒘆","1(N04)"
"𒘱","1(N05)"
"𒗑","1(N06)"
"𒙆","1(N07A)"
"𒙉","1(N07B)"
"𒕙","1(N08)"
"󰃵","1(N08~b)"
"󲔷","1(N08~v)"
"𒙃","1(N09)"
"𒙄","1(N11)"
"𒙅","1(N12)"
"𒕢","1(N14)"
"𒙖","1(N14@f)"
"𒗇","1(N15)"
"󰃻","1(N16)"
"󰃼","1(N17)"
"𒗴","1(N18)"
"𒘋","1(N19)"
"𒘶","1(N20)"
"𒖌","1(N22)"
"󰃽","1(N22~v)"
"󰃾","1(N23)"
"𒖪","1(N24)"
"󰄆","1(N24@f)"
"𒗪","1(N24A)"
"𒗾","1(N24B)"
"𒘣","1(N25)"
"𒖫","1(N26)"
"𒗿","1(N26B)"
"𒘤","1(N27)"
"𒖬","1(N28)"
"𒘀","1(N28B)"
"𒘥","1(N28C)"
"𒖭","1(N29A)"
"𒘁","1(N29AB)"
"𒘦","1(N29AC)"
"𒖮","1(N29B)"
"𒖯","1(N30A)"
"𒘧","1(N30AC)"
"󰄋","1(N30B)"
"𒖰","1(N30C)"
"󲔸","1(N30CA)"
"𒘨","1(N30CC)"
"𒖱","1(N30D)"
"𒖲","1(N30E)"
"𒖳","1(N31)"
"𒖴","1(N32)"
"𒖵","1(N33)"
"𒕫","1(N34)"
"𒙟","1(N34@f)"
"𒗌","1(N35)"
"𒘖","1(N36)"
"𒙁","1(N37)"
"𒗟","1(N38)"
"𒖶","1(N39A)"
"𒖺","1(N39B)"
"𒗫","1(N40)"
"𒘂","1(N41)"
"𒘩","1(N42A)"
"󰄍","1(N43)"
"󰃡","1(N44)"
"𒕹","1(N45)"
"𒗽","1(N45A)"
"𒘔","1(N46)"
"𒘿","1(N47)"
"𒕴","1(N48)"
"𒘟","1(N49)"
"𒖂","1(N50)"
"𒖚","1(N51)"
"𒗠","1(N52)"
"𒖣","1(N54)"
"󰃯","1(N55)"
"𒯬","1(N57)"
"𒯶","1(N58)"
"𒯿","1(N58@t)"
"󰄤","1(N59)"
"𒗩","1(N60)"
"󰄫","1(N63)"
"󰃚","10(N01)"
"󰃛","10(N14)"
"𒯵","10(N57)"
"𒯽","10(N58)"
"󰃜","11(N14)"
"󰃝","12(N14)"
"𒯾","12(N58)"
"𒯨","2(LAGAB~a)"
"𒕑","2(N01)"
"𒙍","2(N01@f)"
"𒖿","2(N02)"
"𒗰","2(N03)"
"𒘇","2(N04)"
"𒘲","2(N05)"
"𒙇","2(N07A)"
"𒙊","2(N07B)"
"𒕚","2(N08)"
"󰃶","2(N08~b)"
"𒕣","2(N14)"
"𒗈","2(N15)"
"𒗵","2(N18)"
"𒘌","2(N19)"
"𒘷","2(N20)"
"𒗛","2(N21)"
"𒖍","2(N22)"
"󰃿","2(N23)"
"󰄇","2(N29A)"
"󰄊","2(N29AB)"
"𒕬","2(N34)"
"𒗍","2(N35)"
"𒘗","2(N36)"
"𒙂","2(N37)"
"𒖷","2(N39A)"
"𒖻","2(N39B)"
"𒗬","2(N40)"
"𒘃","2(N41)"
"𒘪","2(N42A)"
"𒘮","2(N42B)"
"𒕺","2(N45)"
"𒘕","2(N46)"
"𒙀","2(N47)"
"𒕵","2(N48)"
"𒘠","2(N49)"
"𒖃","2(N50)"
"𒖛","2(N51)"
"𒗡","2(N52)"
"𒖤","2(N54)"
"𒖩","2(N56)"
"𒯭","2(N57)"
"𒯷","2(N58)"
"󰄥","2(N59)"
"󰃞","22(N14)"
"𒯩","3(LAGAB~a)"
"𒕒","3(N01)"
"𒙎","3(N01@f)"
"𒗀","3(N02)"
"𒗱","3(N03)"
"𒘈","3(N04)"
"𒘳","3(N05)"
"𒙈","3(N07A)"
"𒙋","3(N07B)"
"𒕛","3(N08)"
"󰃷","3(N08~b)"
"𒕤","3(N14)"
"𒙘","3(N14@f)"
"𒗉","3(N15)"
"𒗶","3(N18)"
"𒘍","3(N19)"
"𒘸","3(N20)"
"𒗜","3(N21)"
"󰄀","3(N23)"
"𒕭","3(N34)"
"𒘘","3(N36)"
"𒖸","3(N39A)"
"𒖼","3(N39B)"
"𒗭","3(N40)"
"𒘄","3(N41)"
"𒘫","3(N42A)"
"𒕻","3(N45)"
"󰃩","3(N46)"
"󰃪","3(N47)"
"𒕶","3(N48)"
"𒘡","3(N49)"
"𒖄","3(N50)"
"𒖜","3(N51)"
"𒗢","3(N52)"
"󰃮","3(N53)"
"𒖥","3(N54)"
"𒯮","3(N57)"
"𒯸","3(N58)"
"󰄦","3(N59)"
"󰄩","3(N61)"
"𒯪","4(LAGAB~a)"
"𒕓","4(N01)"
"𒙏","4(N01@f)"
"𒗁","4(N02)"
"𒗲","4(N03)"
"𒘉","4(N04)"
"𒘴","4(N05)"
"𒕜","4(N08)"
"󰃸","4(N08~b)"
"󰃹","4(N08~c)"
"𒕥","4(N14)"
"𒗊","4(N15)"
"𒗷","4(N18)"
"𒘎","4(N19)"
"𒘹","4(N20)"
"𒗝","4(N21)"
"𒕮","4(N34)"
"𒘙","4(N36)"
"𒖹","4(N39A)"
"𒖽","4(N39B)"
"𒗮","4(N40)"
"𒘅","4(N41)"
"𒘬","4(N42A)"
"󰄎","4(N43)"
"𒕼","4(N45)"
"𒕷","4(N48)"
"𒘢","4(N49)"
"𒖅","4(N50)"
"𒖝","4(N51)"
"𒗣","4(N52)"
"𒯯","4(N57)"
"𒯹","4(N58)"
"󰄧","4(N59)"
"󰄪","4(N62)"
"𒕔","5(N01)"
"𒙐","5(N01@f)"
"𒗂","5(N02)"
"𒗳","5(N03)"
"𒘊","5(N04)"
"𒘵","5(N05)"
"𒕝","5(N08)"
"𒕦","5(N14)"
"𒗋","5(N15)"
"𒗸","5(N18)"
"𒘏","5(N19)"
"𒘺","5(N20)"
"𒗞","5(N21)"
"󰄁","5(N23)"
"𒕯","5(N34)"
"𒗐","5(N35)"
"𒘚","5(N36)"
"𒕽","5(N45)"
"𒕸","5(N48)"
"𒖆","5(N50)"
"𒖞","5(N51)"
"𒗤","5(N52)"
"𒖧","5(N54)"
"𒯰","5(N57)"
"𒯺","5(N58)"
"𒯫","6(LAGAB~a)"
"𒕕","6(N01)"
"𒙑","6(N01@f)"
"𒗃","6(N02)"
"𒕞","6(N08)"
"𒕧","6(N14)"
"𒗹","6(N18)"
"𒘐","6(N19)"
"𒘻","6(N20)"
"󰃠","6(N21)"
"󰄅","6(N24)"
"𒕰","6(N34)"
"𒘛","6(N36)"
"𒕾","6(N45)"
"󰃫","6(N48)"
"𒖟","6(N51)"
"𒯱","6(N57)"
"󰄨","6(N59)"
"𒕖","7(N01)"
"𒗄","7(N02)"
"𒕟","7(N08)"
"𒕨","7(N14)"
"𒗺","7(N18)"
"𒘑","7(N19)"
"𒘼","7(N20)"
"󰄂","7(N23)"
"𒕱","7(N34)"
"𒙥","7(N34@f)"
"𒕿","7(N45)"
"󰃬","7(N48)"
"𒖠","7(N51)"
"𒯲","7(N57)"
"󰃺","7(N59)"
"𒕗","8(N01)"
"𒙓","8(N01@f)"
"𒗅","8(N02)"
"𒕠","8(N08)"
"𒕩","8(N14)"
"𒗻","8(N18)"
"𒘒","8(N19)"
"𒘽","8(N20)"
"𒕲","8(N34)"
"𒖡","8(N51)"
"𒯳","8(N57)"
"𒯻","8(N58)"
"𒕘","9(N01)"
"𒗆","9(N02)"
"𒕡","9(N08)"
"𒕪","9(N14)"
"𒗼","9(N18)"
"𒘓","9(N19)"
"𒘾","9(N20)"
"𒕳","9(N34)"
"𒘞","9(N36)"
"𒖁","9(N45)"
"𒯴","9(N57)"
"𒯼","9(N58)"
"𒚐","A"
"󲐁","A@t"
"𒚕","A₂"
"𒚖","AB~a"
"𒚜","AB~a@g"
"𒚝","AB~b"
"𒚞","AB₂"
"󲔥","AB₂@g"
"𒚠","ABZU"
"𒚡","AD~a"
"𒚢","AD~b"
"𒚣","AD~c"
"𒚤","ADAB"
"𒚥","ADDA"
"𒚦","AGAR₂"
"𒚧","AK~a"
"𒚨","AK~b"
"𒚩","AL"
"𒚪","ALAN~a"
"𒚫","ALAN~b"
"𒚬","ALAN~c"
"󲐊","ALAN~d"
"𒚭","ALAN~e"
"𒚮","ALIM"
"𒚯","AM~a"
"𒚰","AM~b"
"𒚱","AMA~a"
"𒚳","AMA~b"
"𒚴","AMAR"
"󲐋","AMAR@g"
"𒚷","AN"
"𒚸","ANŠE~a"
"𒚹","ANŠE~b"
"𒚺","ANŠE~c"
"𒚻","ANŠE~e"
"𒚼","ANŠE~f"
"𒚽","APIN~a"
"𒚾","APIN~b"
"𒚿","APIN~c"
"𒛀","ARARMA₂~a"
"𒛁","ASAR"
"󲐌","AŠ₂"
"𒛂","AZ"
"𒛃","AZU"
"𒛄","BA"
"𒛅","BAD"
"𒛇","BAD₃~a"
"𒛈","BAD₃~b1"
"𒛉","BAD₃~b2"
"𒛊","BAHAR₂~a"
"𒛋","BAHAR₂~b"
"𒛌","BAHAR₂~c"
"𒛍","BALA~a"
"𒛎","BALA~b"
"𒛏","BALAG"
"𒛐","BAN~a"
"𒛑","BAN~b"
"𒛒","BANŠUR~a"
"𒛓","BANŠUR~a@t"
"𒛔","BANŠUR~b1"
"𒛕","BANŠUR~b2"
"𒛖","BANŠUR~c"
"𒛗","BAPPIR~a"
"𒛘","BAPPIR~b"
"𒛙","BAPPIR~c"
"𒛚","BAPPIR~d"
"𒛛","BAPPIR~e"
"𒛜","BAPPIR~f"
"𒛝","BAR"
"𒛞","BARA₂~a"
"𒛟","BARA₂~b"
"𒛠","BARA₃"
"𒛡","BIR~a"
"𒛢","BIR~b"
"𒛣","BIR~c"
"𒛤","BIR₃~a"
"𒛥","BIR₃~b"
"𒛦","BIR₃~c"
"𒛧","BU~a"
"𒛭","BU~b"
"𒛮","BU₃"
"𒛯","BULUG"
"𒛰","BULUG₃"
"𒛱","BUR~a"
"𒛲","BUR~b"
"𒛳","BUR~c"
"𒛴","BUR~d"
"𒛵","BUR₂"
"𒛶","DA~a"
"𒛷","DA~b"
"𒛸","DA~c"
"𒛹","DA~d"
"𒛺","DAH"
"𒛻","DAM"
"𒛼","DANNA"
"𒛽","DAR~a"
"𒛿","DAR~b"
"𒜀","DAR~c"
"󲐐","DAR~d"
"𒜁","DARA₃~a"
"𒜂","DARA₃~b"
"𒜃","DARA₃~c"
"𒜆","DARA₃~d"
"𒜉","DARA₄~a1"
"𒜊","DARA₄~a2"
"𒜋","DARA₄~a3"
"𒜌","DARA₄~b"
"𒜍","DARA₄~c"
"𒜎","DARA₄~c1"
"𒜏","DARA₄~c2"
"𒜐","DARA₄~c3"
"𒜑","DARA₄~c4"
"𒜒","DARA₄~c5"
"𒜓","DARA₄~d"
"𒜔","DI"
"𒜕","DI@t"
"𒜖","DIB"
"𒜗","DILMUN"
"𒜘","DIM~a"
"𒜙","DIM~b"
"𒜚","DIM~c"
"𒜛","DIN"
"𒜝","DIN@t"
"𒜞","DU"
"𒜠","DU@g"
"𒜡","DU₆~a"
"𒜣","DU₆~b"
"𒜤","DU₆~c"
"𒜥","DU₇"
"𒜦","DU₈~a"
"𒜧","DU₈~b"
"𒜨","DU₈~c"
"𒜭","DU₈~c@g"
"𒜮","DUB~a"
"𒜯","DUB~b"
"󲔫","DUB~b@r"
"𒜰","DUB~c"
"𒜱","DUB~d"
"𒜲","DUB~e"
"𒜳","DUB~f"
"𒜴","DUB~h"
"𒜸","DUB₂"
"𒜹","DUG~a"
"𒜿","DUG~b"
"𒝴","DUG~c"
"𒝶","DUG~c@t"
"𒝷","DUG~d"
"𒝸","DUGUD"
"𒝹","DUR~a"
"𒝺","DUR~b"
"𒝻","DUR₂"
"𒝼","E~a"
"𒝽","E~b"
"𒝾","E~c"
"󲐚","E~d"
"𒝿","E₂~a"
"𒞁","E₂~b"
"𒞃","E₂~c"
"𒞄","E₂~d"
"𒞅","E₃~b"
"𒞆","EDIN"
"𒞋","EN@g~a"
"𒞌","EN@g~b"
"𒞇","EN~a"
"𒞈","EN~b"
"𒞉","EN~b@t"
"𒞊","EN~c"
"󲐝","EN~e"
"𒞍","EN₂"
"𒞎","ERIM~a"
"𒞏","ERIM~b1"
"𒞐","ERIM~b2"
"𒞑","ERIN"
"𒞒","EŠDA"
"𒞔","EŠGAR"
"𒞕","EZEN~a"
"𒞡","EZEN~b"
"𒞤","EZEN~b@t"
"𒞥","EZINU~a"
"𒞦","EZINU~b"
"𒞧","EZINU~c"
"𒞨","EZINU~d"
"𒞩","GA~a"
"𒞪","GA~b"
"𒞫","GA~c"
"𒞮","GA₂~a1"
"𒟊","GA₂~a2"
"𒟐","GA₂~a3"
"𒟑","GA₂~a4"
"𒟒","GA₂~b"
"𒟗","GA₂~c"
"𒟜","GADA~a"
"󲐬","GADA~b"
"𒟝","GADA~b@g"
"𒟞","GAL~a"
"𒟟","GAL~b"
"𒟠","GALGA~a"
"󲐭","GALGA~b"
"𒟡","GAN~a"
"𒟢","GAN~b"
"𒟣","GAN~c"
"𒟮","GAN₂"
"𒟯","GAR"
"𒟰","GAR@g~a"
"𒟱","GAR@g~b"
"𒟲","GAR@g~c"
"𒟳","GAR₃"
"𒟴","GARA₂~a"
"󲐲","GARA₂~b"
"𒟵","GAZI"
"𒟘","GAʾAR~a1"
"𒟙","GAʾAR~a2"
"𒟚","GAʾAR~b1"
"𒟛","GAʾAR~b2"
"𒟶","GEŠTIN~a"
"𒟷","GEŠTIN~d"
"𒟸","GEŠTIN~e"
"𒟹","GEŠTU~a"
"𒟻","GEŠTU~b"
"𒟼","GEŠTU~c3"
"𒟽","GEŠTU~c5"
"𒟾","GI"
"𒠋","GI@t"
"𒠌","GI₄~a"
"𒠎","GI₄~b"
"𒠐","GI₆"
"𒠑","GIBIL"
"󲐷","GIBIL@t"
"𒠒","GIR~a"
"𒠓","GIR~b"
"𒠔","GIR~c"
"󲐸","GIR~d"
"𒠕","GIR₂~a"
"𒠛","GIR₃@g~a"
"𒠜","GIR₃@g~b"
"𒠝","GIR₃@g~c"
"𒠖","GIR₃~a"
"𒠘","GIR₃~b"
"𒠙","GIR₃~c"
"𒠞","GISAL~a"
"𒠟","GISAL~b"
"𒠠","GIŠ"
"𒠦","GIŠ@t"
"𒠧","GIŠ₃~a"
"𒠩","GIŠ₃~b"
"𒠪","GIŠGAL"
"𒠫","GIŠIMMAR~a1"
"𒠬","GIŠIMMAR~a2"
"𒠭","GIŠIMMAR~a3"
"𒠮","GIŠIMMAR~b1"
"𒠯","GIŠIMMAR~b2"
"𒠰","GIŠIMMAR~b3"
"𒠱","GU"
"𒠲","GU₂"
"𒠳","GU₄"
"𒠴","GU₄@g"
"𒠵","GU₇"
"𒠶","GUB₃~a"
"𒠷","GUB₃~b"
"𒠸","GUB₃~c"
"𒠹","GUB₃~d"
"𒠺","GUG₂"
"𒠽","GUKKAL~a"
"𒠾","GUKKAL~b"
"𒠿","GUKKAL~c"
"𒡀","GUKKAL~d"
"𒡁","GUL"
"𒡂","GUM~a"
"𒡃","GUM~b"
"𒡄","GUM~b@n"
"𒡅","GUN₃~a"
"𒡆","GUN₃~b"
"𒡇","GUR"
"𒡈","GURUŠ~a"
"𒡊","GURUŠ~b"
"𒡍","GURUŠDA"
"𒡎","HAL"
"𒡏","HALUB"
"𒡐","HAŠHUR"
"𒡒","HI"
"𒡕","HI@g~a"
"𒡖","HI@g~b"
"𒡗","HI@g~c"
"󲔰","HI~b"
"𒡘","I"
"𒡙","IB~a"
"𒡚","IB~a@n"
"𒡛","IB~b"
"𒡜","IB~c"
"𒡝","IDIGNA"
"𒡞","IG~a"
"𒡟","IG~b"
"𒡠","IL"
"𒡡","IM~a"
"𒡢","IM~b"
"𒡣","IN~b"
"𒡤","IN~d"
"𒡥","IR~a"
"𒡦","IR~b"
"𒡧","IR~c"
"𒡨","IR~d"
"󲐾","IRHAN"
"𒡩","IŠ~a"
"𒡪","IŠ~b"
"𒡫","IŠ~c"
"𒡬","KA~a"
"𒡮","KA₂~a"
"𒡯","KA₂~b"
"󲐿","KA₂~c"
"𒡱","KAB"
"𒡲","KAD₄~a"
"𒡳","KAD₄~b"
"󲑁","KAD₄~c1"
"󲑂","KAD₄~c2"
"𒡴","KAK~a"
"𒡵","KAK~b"
"𒡶","KAL~a"
"𒡷","KAL~b1"
"𒡸","KAL~b2"
"𒡹","KALAM~a"
"𒡺","KALAM~b"
"𒡻","KALAM~c"
"𒡼","KALAM~d"
"𒡽","KALAM~e"
"𒡾","KALAM~f"
"𒡿","KALAM~g"
"𒢀","KALAM~h"
"𒢁","KALAM~h2"
"𒢂","KAR₂~a"
"𒢃","KAR₂~b"
"𒢄","KASKAL"
"󲑃","KASKAL@g"
"𒢅","KAŠ~a"
"𒢆","KAŠ~b"
"𒢈","KAŠ~c"
"𒢉","KAŠ~d"
"𒢊","KI"
"𒢋","KI@n"
"𒢍","KIB"
"𒢎","KIB@g"
"𒢏","KID~a"
"𒢐","KID~b"
"𒢑","KID~c"
"𒢒","KID~d"
"𒢓","KID~e"
"𒢔","KIN"
"𒢕","KIN₂~a"
"𒢖","KIN₂~b"
"𒢗","KIN₂~c"
"𒢘","KIN₂~d"
"𒢙","KIN₂~e"
"𒢚","KISAL~a1"
"󲑅","KISAL~a2"
"𒢛","KISAL~b1"
"𒢜","KISAL~b2"
"𒢝","KISAL~b2@t"
"𒢞","KISAL~b3"
"𒢟","KISIM~a"
"𒢠","KISIM~b"
"𒢡","KISIM~c"
"𒢢","KIŠ"
"𒢣","KIŠIK~a"
"𒢤","KIŠIK~b"
"󲄕","KITI"
"𒢥","KU~a"
"𒢦","KU~b1"
"𒢧","KU~b2"
"𒢨","KU₃~a"
"𒢩","KU₃~c"
"𒢪","KU₆~a"
"󲑆","KU₆~a@s"
"𒢬","KU₆~c"
"𒢭","KU₆~d"
"𒢱","KUR@g~a"
"𒢲","KUR@g~b"
"𒢮","KUR~a"
"𒢯","KUR~b"
"𒢰","KUR~c"
"󲑇","KUR~d"
"𒢳","KUŠU₂~a"
"𒢴","KUŠU₂~b"
"𒢵","KUŠU₂~c"
"𒢶","KUŠU₂~d"
"𒢷","KUŠU₂~e"
"𒢸","KUŠU₂~f"
"𒢹","LA~b"
"󲑈","LA~c"
"𒢺","LA~d"
"𒢻","LA₂"
"𒢼","LAGAB~a"
"𒣎","LAGAB~b"
"𒣔","LAGAR~a"
"𒣕","LAGAR~a@r"
"𒣖","LAGAR~b1"
"𒣗","LAGAR~b2"
"𒣘","LAGAR~c"
"𒣙","LAL₂~a"
"𒣜","LAL₂~b"
"𒣝","LAL₃~a"
"𒣞","LAL₃~b"
"𒣟","LAM~a"
"𒣠","LAM~b"
"𒣡","LAM~b@r"
"󲑒","LAM~b@s"
"𒣢","LAM~b@t"
"󲄥","LI"
"𒣣","LIŠ"
"𒣤","LU₂"
"𒣥","LUM"
"𒣦","MA"
"𒣪","MA₂"
"𒣫","MAGUR~a"
"𒣬","MAGUR~b"
"𒣭","MAH~a"
"𒣻","MAH~b"
"𒣾","MAR~a"
"𒣿","MAR~a@g"
"𒤀","MAR~a@t"
"𒤁","MAR~b"
"𒤅","MAŠ"
"𒤆","MAŠ₂"
"𒤇","MAŠ₂@g"
"𒤈","ME~a"
"𒤉","ME~b"
"𒤊","ME₃"
"𒤋","MEN~a"
"𒤌","MEN~b"
"𒤍","MES"
"𒤎","MIR~a"
"𒤏","MIR~b"
"𒤐","MU"
"𒤑","MUD"
"𒤒","MUD₃~a"
"𒤓","MUD₃~a@g"
"𒤔","MUD₃~b"
"𒤕","MUD₃~c"
"𒤖","MUD₃~d"
"𒤗","MUL"
"𒤘","MUN~a1"
"𒤙","MUN~a2"
"𒤚","MUN~a3"
"𒤛","MUN~a4"
"𒤜","MUN~b"
"𒤝","MUNŠUB~a"
"𒤞","MUNŠUB~b"
"𒤟","MUNU₃"
"𒤠","MUŠ"
"𒤡","MUŠ₃~a"
"𒤢","MUŠ₃~a@g"
"𒤣","MUŠ₃~b"
"𒤤","MUŠEN"
"𒤨","NA~a"
"𒤩","NA~b"
"𒤪","NA~c"
"󲑙","NA~d"
"𒤫","NA₂~a"
"𒤬","NA₂~b1"
"𒤭","NA₂~b2"
"𒤮","NA₂~c"
"𒤯","NAB"
"𒤰","NAGA~a"
"𒤲","NAGA~b"
"𒤳","NAGAR~a"
"𒤴","NAGAR~b"
"𒤵","NAM~a"
"𒤶","NAM~b"
"𒤷","NAM~c"
"𒤸","NAM~d"
"𒤹","NAM₂"
"𒤻","NAM₂@g"
"𒤼","NAM₂@t"
"𒤽","NANŠE~a"
"𒤾","NANŠE~b"
"𒤿","NAR"
"𒥀","NE~a"
"𒥁","NE~b"
"𒥂","NE~c"
"𒥃","NE~d"
"𒥄","NESAG₂~a"
"󲔱","NESAG₂~a2"
"𒥅","NESAG₂~b"
"󲑚","NESAG₂~b@t"
"𒥆","NI~a"
"𒥇","NI~a@g"
"𒥈","NI~b"
"𒥋","NI₂"
"𒥌","NIGIN"
"𒥍","NIM~a"
"𒥎","NIM~b1"
"𒥏","NIM~b2"
"𒥐","NIM~b3"
"󲔲","NIM~d"
"𒥑","NIMGIR"
"𒥒","NINDA₂"
"𒥩","NIR~a"
"𒥫","NIR~b"
"𒥬","NU"
"𒥭","NU@g"
"𒥮","NU₁₁"
"𒥰","NU₁₁@t"
"𒥱","NUMUN"
"󲑤","NUMUN₂"
"𒥲","NUN~a"
"𒥸","NUN~b"
"𒥺","NUN~c"
"𒥻","NUN~d"
"𒥼","NUNUZ~a0"
"𒥽","NUNUZ~a1"
"󲑥","NUNUZ~a1@t"
"𒥾","NUNUZ~a2"
"𒥿","NUNUZ~b1"
"󲑦","NUNUZ~b2"
"𒦀","NUNUZ~c"
"𒦁","PA~a"
"𒦂","PA~b"
"𒦃","PAD~a"
"𒦄","PAD~b"
"𒦅","PAP~a"
"𒦆","PAP~a@t"
"𒦇","PAP~b"
"𒦈","PIRIG~a1"
"𒦉","PIRIG~a2"
"𒦊","PIRIG~a3"
"𒦋","PIRIG~b1"
"𒦍","PIRIG~b2"
"𒦎","PU₂"
"𒦏","RA"
"𒦐","RAD~a"
"𒦑","RAD~a@g"
"󲑨","RAD~a@t"
"𒦒","RAD~b"
"𒦓","RI₈~a"
"𒦔","RI₈~b"
"𒦕","RU"
"𒦖","SA~a"
"𒦗","SA~c"
"𒦘","SAG"
"𒦞","SAG@g"
"𒦟","SAG@n"
"𒦠","SAGŠU"
"𒦡","SAL"
"𒦣","SANGA~a"
"𒦤","SANGA~b"
"𒦥","SANGA~c"
"𒦦","SANGA~e"
"𒦧","SAR~a"
"𒦩","SAR~b"
"𒦪","SAR~c"
"𒦫","SAR~d"
"𒦬","SI"
"𒦵","SI₄~a"
"𒦶","SI₄~b"
"𒦷","SI₄~c"
"𒦸","SI₄~d"
"𒦹","SI₄~f"
"𒦺","SIG"
"󲑬","SIG@g"
"󲔳","SIG~b"
"𒦻","SIG₂~a1"
"𒦼","SIG₂~a2"
"𒦽","SIG₂~a3"
"𒦾","SIG₂~a4"
"𒦿","SIG₂~b"
"𒧁","SIG₂~c1"
"𒧂","SIG₂~c2"
"𒧃","SIG₂~d1"
"𒧄","SIG₂~d2"
"𒧅","SIG₂~d3"
"𒧆","SIG₂~d4"
"𒧇","SIG₂~e"
"𒧈","SIG₄"
"𒧉","SIG₇"
"𒧊","SILA₃~a"
"𒧫","SILA₃~b"
"󲑲","SILA₃~c"
"𒧱","SILA₄~a"
"𒧲","SILA₄~b"
"𒧳","SILA₄~c"
"𒧴","SILA₄~d"
"𒧵","SILANITA"
"𒧶","SIMUG"
"𒧷","SU~a"
"𒧹","SU~b"
"𒧺","SU~c"
"𒧻","SU₃"
"𒧼","SUG"
"𒧽","SUG₅"
"𒧾","SUH₃"
"𒧿","SUHUR"
"𒨀","SUHUR@g"
"𒨁","SUHUR@n"
"𒨂","SUHUR@t"
"𒨃","SUKKAL"
"𒨄","SUKUD"
"𒨇","SUKUD@g~a"
"𒨈","SUKUD@g~b"
"𒨉","SUKUD@g~c"
"𒨊","SUKUD@g~d"
"󲔜","SUKUD@h"
"𒨋","SUM~a"
"󲑶","SUM~a@t"
"𒨌","SUM~b"
"𒨍","SUMAŠ"
"𒨎","SUR"
"𒨏","ŠA"
"𒨒","ŠA@g"
"𒨓","ŠA₃~a1"
"𒨔","ŠA₃~a2"
"𒨕","ŠA₃~a2@g"
"𒨖","ŠA₃~b"
"𒨗","ŠA₃~c"
"𒨘","ŠA₃~d"
"𒨙","ŠAGAN"
"𒨚","ŠAGINA"
"𒨛","ŠAH₂~a"
"𒨜","ŠAH₂~b"
"𒨝","ŠAH₂~c"
"𒨞","ŠAKIR~a"
"𒨟","ŠAKIR~b"
"𒨠","ŠAKIR~c"
"𒨡","ŠAM₂"
"𒨢","ŠE~a"
"𒨤","ŠE~a@t"
"𒨥","ŠE~b"
"𒨦","ŠE~c"
"𒨧","ŠE₃"
"𒨨","ŠE₃@t"
"𒨩","ŠEG₉"
"𒨪","ŠEN~a"
"𒨫","ŠEN~b"
"𒨬","ŠEN~c"
"𒨭","ŠEN~c@t"
"𒨮","ŠEN~e"
"𒨰","ŠENNUR~a"
"𒨱","ŠENNUR~b"
"𒨲","ŠEŠ~a"
"𒨳","ŠEŠ~b"
"𒨴","ŠIDIM"
"󲑷","ŠIDIM@t"
"𒨵","ŠIM~a"
"𒨶","ŠIM~b"
"𒨷","ŠIR~a"
"𒨸","ŠIR~b"
"𒩃","ŠITA@g~a"
"𒩅","ŠITA@g~b"
"𒨹","ŠITA~a1"
"𒨼","ŠITA~a2"
"𒨽","ŠITA~a3"
"𒨾","ŠITA~b1"
"𒨿","ŠITA~b2"
"𒩁","ŠITA~b3"
"𒩆","ŠU"
"𒩉","ŠU@g"
"𒩋","ŠU₁₂"
"𒩊","ŠU₂"
"𒩌","ŠUBUR"
"𒩍","ŠUM"
"𒩏","ŠUR₂~a"
"𒩐","ŠUR₂~b"
"󲔴","ŠUR₂~c"
"𒩑","TA~a"
"𒩒","TA~b"
"𒩓","TA~c"
"𒩔","TA~d"
"𒩕","TA~e"
"𒩖","TAG~a1"
"𒩗","TAG~a1@t"
"𒩘","TAG~a2"
"𒩙","TAG~a3"
"𒩚","TAG~a4"
"𒩛","TAG~b"
"𒩜","TAG~c"
"𒩝","TAG~d"
"𒩞","TAK₄~a"
"𒩟","TAK₄~a@n"
"𒩠","TAK₄~c"
"𒩡","TAR~a"
"𒩢","TE"
"𒩣","TI"
"𒩤","TI@g"
"𒩥","TI@r"
"𒩦","TI@t"
"𒩧","TILLA₂"
"𒩨","TU~a"
"𒩩","TU~b"
"𒩪","TU~c"
"𒩫","TUG₂~a"
"𒩬","TUG₂~a@g"
"𒩭","TUG₂~b"
"𒩮","TUG₂~c"
"󲑽","TUG₂~d"
"𒩯","TUM~a"
"𒩰","TUM~a@g"
"𒩱","TUM~b"
"𒩲","TUM~c"
"𒩳","TUM~d"
"𒩴","TUN₃~a"
"𒩵","TUN₃~b"
"𒩶","TUN₃~c"
"𒩷","TUR"
"𒩸","TUR@g"
"𒩹","TUR₃~a"
"󲑾","TUR₃~a@n"
"𒩺","TUR₃~b"
"𒩻","TUR₃~c"
"𒩼","U₂~a"
"𒩽","U₂~b"
"𒩾","U₂~c"
"𒩿","U₄"
"𒪙","U₄@t"
"𒪚","U₈"
"𒪜","UB"
"𒪝","UBI~a"
"𒪞","UBI~c"
"𒪟","UBI~d"
"𒪠","UD₅~a"
"𒪡","UD₅~a@g"
"𒪢","UD₅~b"
"𒪣","UD₅~c"
"𒪤","UDU~a"
"󲒆","UDU~b"
"𒪧","UDU~c"
"𒪨","UDUNITA~a"
"𒪩","UDUNITA~b"
"𒪪","UDUNITA~c"
"󲒇","UH"
"𒪫","UH₃~a"
"𒪬","UH₃~a@t"
"𒪭","UH₃~b"
"𒪮","UKKIN~a"
"𒪯","UKKIN~b"
"𒪷","UKKIN~c"
"󲔵","UKKIN~d"
"𒪸","UMBIN~a"
"𒪹","UMBIN~b1"
"𒪺","UMBIN~b2"
"𒪻","UMBIN~c"
"𒪼","UMUN₂"
"𒪽","UNUG~a"
"𒪿","UNUG~a@s"
"𒫀","UNUG~b"
"𒫁","UNUG~c"
"𒫂","UR~a"
"𒫃","UR~a@g"
"𒫄","UR~b"
"𒫅","UR~c"
"𒫆","UR₂"
"𒫉","UR₃~a1"
"𒫊","UR₃~a2"
"𒫋","UR₃~a3"
"𒫌","UR₃~b1"
"𒫍","UR₃~b2"
"󲔶","UR₃~d2"
"𒫎","UR₄~a"
"𒫏","UR₄~b"
"𒫐","UR₄~c"
"𒫑","UR₅~a"
"𒫒","UR₅~b"
"𒫓","URI"
"𒫔","URI₃~a"
"𒫕","URI₅"
"𒫖","URU~a1"
"󲒍","URU~a1@n"
"𒫝","URU~a2"
"𒫠","URU~b1"
"𒫡","URU~b2"
"𒫢","URU~c"
"𒫦","URUDU@g~a"
"󲒎","URUDU@g~b"
"𒫧","URUDU@g~c"
"𒫨","URUDU@g~d"
"𒫣","URUDU~a"
"𒫤","URUDU~c"
"𒫥","URUDU~d"
"𒫩","UŠ~a"
"𒫫","UŠ~b"
"𒫮","UŠUR₃~b1"
"𒫯","UŠUR₃~b2"
"𒫰","UTUA~a"
"𒫱","UTUA~a@t"
"𒫲","UTUA~b"
"𒫳","UTUL~a"
"𒫴","UTUL~b"
"𒫵","UTUL~c"
"𒫶","UTUL~d"
"𒫷","UZU"
,"X"
,"X₂"
"𒫸","ZA~v"
"𒫹","ZAG~a"
"𒫺","ZAG~b"
"𒫻","ZAG~c"
"𒫼","ZAR~a"
"𒫽","ZAR~b1"
"𒫾","ZAR~b2"
"𒫿","ZAR~c"
"𒬄","ZATU620"
"𒬅","ZATU621~a"
"𒬆","ZATU621~b"
"𒬇","ZATU621~c"
"𒬈","ZATU621~d"
"𒬉","ZATU622"
"𒬊","ZATU623"
"𒬋","ZATU624~a"
"𒬌","ZATU624~b"
"󲒏","ZATU624~c"
"𒬍","ZATU625"
"𒬎","ZATU626~a"
"𒬏","ZATU626~b"
"𒬐","ZATU626~c"
"󲒐","ZATU627"
"𒬑","ZATU628~a"
"𒬒","ZATU628~b"
"𒬓","ZATU629"
"𒬔","ZATU630"
"𒬕","ZATU631"
"𒬖","ZATU632~a"
"𒬗","ZATU632~b"
"󲒑","ZATU632~c"
"𒬘","ZATU633~a"
"𒬙","ZATU633~b"
"󲒒","ZATU634"
"𒬚","ZATU635"
"𒬛","ZATU636"
"𒬜","ZATU637"
"𒬝","ZATU639"
"󲒓","ZATU640"
"𒬞","ZATU641"
"𒬟","ZATU642"
"𒬠","ZATU643"
"𒬡","ZATU644~a"
"𒬢","ZATU644~b"
"𒬣","ZATU646"
"𒬤","ZATU647"
"𒬥","ZATU648"
"𒬦","ZATU649"
"󲒕","ZATU650"
"𒬧","ZATU651"
"𒬮","ZATU651@g"
"𒬯","ZATU659"
"󲕂","ZATU659@t"
"𒬳","ZATU662"
"𒬵","ZATU664"
"𒬶","ZATU665"
"𒬷","ZATU666"
"𒬸","ZATU667"
"𒬹","ZATU668"
"𒬺","ZATU669"
"󲒘","ZATU670"
"𒬻","ZATU672"
"𒬼","ZATU674"
"𒬽","ZATU675~a"
"𒬾","ZATU675~b"
"𒬿","ZATU675~c"
"𒭀","ZATU675~d"
"𒭁","ZATU676~a"
"𒭂","ZATU676~b"
"𒭃","ZATU677~a"
"𒭄","ZATU677~b"
"𒭅","ZATU678"
"𒭆","ZATU679"
"𒭇","ZATU680~a1"
"𒭈","ZATU680~a2"
"𒭉","ZATU680~b"
"𒭊","ZATU680~d"
"𒭋","ZATU680~e"
"𒭌","ZATU681"
"𒭍","ZATU682"
"󲒙","ZATU683@t"
"𒭎","ZATU683~a"
"𒭏","ZATU683~b"
"𒭐","ZATU684"
"𒭑","ZATU685"
"𒭒","ZATU686~a"
"𒭓","ZATU686~b"
"𒭔","ZATU686~c"
"𒭕","ZATU687"
"𒭖","ZATU688~a"
"𒭗","ZATU688~b"
"𒭘","ZATU689"
"𒭙","ZATU690"
"𒭚","ZATU691"
"𒭛","ZATU692"
"𒭜","ZATU693"
"𒭝","ZATU693@t"
"𒭞","ZATU694~a"
"𒭟","ZATU694~b"
"𒭠","ZATU694~c"
"𒭡","ZATU694~d"
"𒭢","ZATU694~d@t"
"𒭣","ZATU695"
"𒭤","ZATU696"
"𒭥","ZATU697~a"
"𒭦","ZATU697~b"
"󲒚","ZATU697~c"
"󲒛","ZATU699~a"
"𒭧","ZATU699~b"
"𒭨","ZATU700"
"𒭩","ZATU701"
"𒭪","ZATU702"
"𒭫","ZATU703"
"󲒜","ZATU704"
"𒭬","ZATU705"
"𒭭","ZATU706"
"𒭮","ZATU707~a"
"𒭯","ZATU707~b"
"𒭰","ZATU708"
"𒭱","ZATU709"
"𒭲","ZATU710"
"𒭳","ZATU711"
"𒭵","ZATU713"
"𒭶","ZATU714"
"𒭸","ZATU717"
"𒭹","ZATU718"
"𒭺","ZATU719"
"𒭻","ZATU720"
"𒭼","ZATU721"
"𒭽","ZATU722"
"𒭾","ZATU723"
"󲒟","ZATU724"
"𒭿","ZATU725"
"𒮀","ZATU726~a"
"𒮁","ZATU726~c"
"𒮂","ZATU726~d"
"𒮃","ZATU727"
"𒮄","ZATU728"
"𒮅","ZATU729"
"𒮆","ZATU730"
"𒮇","ZATU732"
"󲒠","ZATU733"
"𒮈","ZATU734"
"𒮉","ZATU735~a"
"𒮊","ZATU735~b"
"𒮋","ZATU735~c"
"𒮌","ZATU736~a"
"𒮍","ZATU736~b"
"𒮎","ZATU737"
"𒮞","ZATU749~a"
"𒮟","ZATU749~b"
"𒮠","ZATU749~c"
"𒮡","ZATU750"
"𒮢","ZATU751~a"
"𒮣","ZATU751~b"
"𒮥","ZATU752"
"𒮦","ZATU753"
"𒮧","ZATU754"
"𒮨","ZATU755~a"
"𒮩","ZATU755~b"
"𒮪","ZATU756"
"𒮫","ZATU757"
"𒮬","ZATU758"
"𒮭","ZATU759"
"󲒦","ZATU761"
"𒮰","ZATU762~a"
"𒮲","ZATU762~b"
"𒮴","ZATU764"
"𒮵","ZATU765"
"𒮶","ZATU766"
"𒮷","ZATU767"
"󲒧","ZATU768"
"󲒨","ZATU769"
"󲒩","ZATU771"
"𒮸","ZATU772"
"𒮹","ZATU773~a"
"𒮺","ZATU773~b"
"𒮻","ZATU774"
"𒮼","ZATU775"
"𒮽","ZATU776"
"𒮾","ZATU777"
"𒮿","ZATU778"
"𒯀","ZATU780"
"𒯁","ZATU781"
"𒯂","ZATU782"
"𒯃","ZATU783"
"𒯄","ZATU784"
"󲒫","ZATU785"
"𒯅","ZATU786"
"𒯆","ZATU787"
"𒯇","ZATU788"
"𒯈","ZATU791"
"𒯉","ZATU792"
"𒯊","ZATU795"
"𒯋","ZATU797"
"𒯌","ZATU798"
"𒯍","ZATU799"
"𒯎","ZATU800"
"𒯏","ZATU801"
"𒯐","ZATU802"
"𒯑","ZATU802~b"
"𒯒","ZATU803"
"𒯓","ZATU804"
"󲒭","ZATU805"
"𒯔","ZATU806"
"𒯕","ZATU807"
"𒯖","ZATU808"
"𒯗","ZATU809"
"𒯘","ZATU810"
"𒯙","ZATU811"
"𒯚","ZATU812"
"𒯛","ZATU813"
"󲒮","ZATU814"
"󲒯","ZATU815"
"󲒰","ZATU817"
"󲒱","ZATU818"
"𒯜","ZATU819"
"󲒲","ZATU820"
"󲒳","ZATU821"
"󲒴","ZATU822"
"󲒵","ZATU823"
"󲒶","ZATU824"
"󲒷","ZATU825"
"󲒸","ZATU826"
"󲒹","ZATU829"
"󲒺","ZATU831"
"󲒻","ZATU831@g"
"𒯝","ZATU832"
"𒯞","ZATU833"
"𒯟","ZATU834"
"𒯠","ZATU835"
"𒯡","ZATU836"
"󲒼","ZATU837~a"
"󲒽","ZATU837~b"
"󲒾","ZATU838"
"󲈘","ZATU839"
"󲒿","ZATU840"
"󲓀","ZATU841"
"󲓁","ZATU842"
"󲓂","ZATU843"
"󲓃","ZATU844"
"󲓄","ZATU845"
"󲓅","ZATU846"
"𒯢","ZATU847"
"󲓆","ZATU848"
"󲓇","ZATU849"
"𒯣","ZATU850"
"𒯤","ZATU851"
"󲓈","ZATU852"
"󲓉","ZATU853"
"𒯥","ZATU854"
"󲓊","ZATU855"
"󲔢","ZATU856"
"󲔤","ZATU857"
"𒯦","ZATU858"
"𒯧","ZATU859"
"𒬀","ZI~a"
"𒬁","ZI~b"
"𒬂","ZI~d"
"𒬃","ZUBI~a"
"󲈜","ZUBI~b"
