"Sign","Name","Name1","Name2"
"𒤦","|(1(N58).BAD)~b|","|(1(N58).BAD)~b|, |(1(N58).BAD)~b|","|(1(N58).BAD)|"
"𒛫","|(BU~a&BU~a).NA₂~a|","|(BU~a&BU~a).NA2~a|, |(BU~a&BU~a).NA₂~a|","|(BU&BU).NA₂|"
"󲐏","|(BU~a&BU~a).X|","|(BU~a&BU~a).X|, |(BU~a&BU~a).X|","|(BU&BU).X|"
"𒛬","|(BU~a%BU~a).NA₂~a@n|","|(BU~a%BU~a).NA2~a@n|, |(BU~a%BU~a).NA₂~a@n|","|(BU%BU).NA₂|"
"𒜵","|(DUB@n~a×1(N58))~a|","|(DUB@n~a×1(N58))~a|, |(DUB@n~a×1(N58))~a|","|(DUB×1(N58))|"
"𒜶","|(DUB@n~a×1(N58))~b|","|(DUB@n~a×1(N58))~b|, |(DUB@n~a×1(N58))~b|","|(DUB×1(N58))|"
"𒝳","|(DUG~b&DUG~b)×1(N58)|","|(DUG~b&DUG~b)×1(N58)|, |(DUG~b&DUG~b)×1(N58)|","|(DUG&DUG)×1(N58)|"
"𒝆","|(DUG~b×DIN)@r|","|(DUG~b×DIN)@r|, |(DUG~b×DIN)@r|","|(DUG×DIN)|"
"𒠉","|(GI&GI)×GIŠ@t|","|(GI&GI)×GIŠ@t|, |(GI&GI)×GIŠ@t|","|(GI&GI)×GIŠ|"
"󲐴","|(GI&GI)×ŠE₃|","|(GI&GI)×ŠE3|, |(GI&GI)×ŠE₃|","|(GI&GI)×ŠE₃|"
"𒠡","|(GIŠ×(DIN.DIN))~a|","|(GIŠ×(DIN.DIN))~a|, |(GIŠ×(DIN.DIN))~a|","|(GIŠ×(DIN.DIN))|"
"𒠢","|(GIŠ×(DIN.DIN))~b|","|(GIŠ×(DIN.DIN))~b|, |(GIŠ×(DIN.DIN))~b|","|(GIŠ×(DIN.DIN))|"
"𒠣","|(GIŠ×(DIN.DIN))~c|","|(GIŠ×(DIN.DIN))~c|, |(GIŠ×(DIN.DIN))~c|","|(GIŠ×(DIN.DIN))|"
"𒠤","|(GIŠ×ŠU₂)~a|","|(GIŠ×ŠU2)~a|, |(GIŠ×ŠU₂)~a|","|(GIŠ×ŠU₂)|"
"𒠥","|(GIŠ×ŠU₂)~b|","|(GIŠ×ŠU2)~b|, |(GIŠ×ŠU₂)~b|","|(GIŠ×ŠU₂)|"
"󲃶","|(HI×1(N57)).(HI×1(N57))|","|(HI×1(N57)).(HI×1(N57))|, |(HI×1(N57)).(HI×1(N57))|","|(HI×1(N57)).(HI×1(N57))|"
"𒨅","|(SUKUD+SUKUD)~a|","|(SUKUD+SUKUD)~a|, |(SUKUD+SUKUD)~a|","|(SUKUD+SUKUD)|"
"𒨆","|(SUKUD+SUKUD)~b|","|(SUKUD+SUKUD)~b|, |(SUKUD+SUKUD)~b|","|(SUKUD+SUKUD)|"
"󲑵","|(SUKUD+SUKUD)~d|","|(SUKUD+SUKUD)~d|, |(SUKUD+SUKUD)~d|","|(SUKUD+SUKUD)|"
"𒨐","|(ŠA×HI@g~a)~a|","|(ŠA×HI@g~a)~a|, |(ŠA×HI@g~a)~a|","|(ŠA×HI)|"
"𒨑","|(ŠA×HI@g~a)~b|","|(ŠA×HI@g~a)~b|, |(ŠA×HI@g~a)~b|","|(ŠA×HI)|"
"󲉑","|1(N02).RU|","|1(N02).RU|, |1(N02).RU|","|1(N02).RU|"
"󰄭","|1(N34)×1(N58)|","|1(N34)×1(N58)|, |1(N34)×1(N58)|","|1(N34)×1(N58)|"
"󲊏","|1(N57).AB₂|","|1(N57).AB2|, |1(N57).AB₂|","|1(N57).AB₂|"
"𒯬𒛮","|1(N57).BU₃|","|1(N57).BU3|, |1(N57).BU₃|","|1(N57).BU₃|"
"𒯬𒤤","|1(N57).MUŠEN|","|1(N57).MUŠEN|, |1(N57).MUŠEN|","|1(N57).MUŠEN|"
"󲊦","|1(N57).SIG|","|1(N57).SIG|, |1(N57).SIG|","|1(N57).SIG|"
"󲊨","|1(N57).ŠAH₂~a|","|1(N57).ŠAH2~a|, |1(N57).ŠAH₂~a|","|1(N57).ŠAH₂|"
"󲈞","|1(N57).ŠUBUR|","|1(N57).ŠUBUR|, |1(N57).ŠUBUR|","|1(N57).ŠUBUR|"
"󲊮","|1(N57).URU~a1|","|1(N57).URU~a1|, |1(N57).URU~a1|","|1(N57).URU|"
"𒤥","|1(N58).BAD|","|1(N58).BAD|, |1(N58).BAD|","|1(N58).BAD|"
"󲊐","|2(N57).AB₂|","|2(N57).AB2|, |2(N57).AB₂|","|2(N57).AB₂|"
"󲊕","|2(N57).BIR₃~a|","|2(N57).BIR3~a|, |2(N57).BIR₃~a|","|2(N57).BIR₃|"
"󲊞","|2(N57).KU₆~a|","|2(N57).KU6~a|, |2(N57).KU₆~a|","|2(N57).KU₆|"
"𒯭𒤤","|2(N57).MUŠEN|","|2(N57).MUŠEN|, |2(N57).MUŠEN|","|2(N57).MUŠEN|"
"󲊧","|2(N57).SU~a|","|2(N57).SU~a|, |2(N57).SU~a|","|2(N57).SU|"
"󲊩","|2(N57).ŠUBUR|","|2(N57).ŠUBUR|, |2(N57).ŠUBUR|","|2(N57).ŠUBUR|"
"󲊯","|2(N57).URU~a1|","|2(N57).URU~a1|, |2(N57).URU~a1|","|2(N57).URU|"
"󲊑","|3(N57).AMAR|","|3(N57).AMAR|, |3(N57).AMAR|","|3(N57).AMAR|"
"𒯮𒛂","|3(N57).AZ|","|3(N57).AZ|, |3(N57).AZ|","|3(N57).AZ|"
"󲊔","|3(N57).BARA₃|","|3(N57).BARA3|, |3(N57).BARA₃|","|3(N57).BARA₃|"
"󲈠","|3(N57).E₂~b|","|3(N57).E2~b|, |3(N57).E₂~b|","|3(N57).E₂|"
"𒯮𒞍","|3(N57).EN₂|","|3(N57).EN2|, |3(N57).EN₂|","|3(N57).EN₂|"
"󲊗","|3(N57).GAR|","|3(N57).GAR|, |3(N57).GAR|","|3(N57).GAR|"
"󲊟","|3(N57).LAM~a.KUR~a.RU|","|3(N57).LAM~a.KUR~a.RU|, |3(N57).LAM~a.KUR~a.RU|","|3(N57).LAM.KUR.RU|"
"󲊢","|3(N57).MUŠEN|","|3(N57).MUŠEN|, |3(N57).MUŠEN|","|3(N57).MUŠEN|"
"󲊣","|3(N57).NUNUZ~a1|","|3(N57).NUNUZ~a1|, |3(N57).NUNUZ~a1|","|3(N57).NUNUZ|"
"󲊤","|3(N57).NUNUZ~c|","|3(N57).NUNUZ~c|, |3(N57).NUNUZ~c|","|3(N57).NUNUZ|"
"󲊥","|3(N57).PIRIG~b1|","|3(N57).PIRIG~b1|, |3(N57).PIRIG~b1|","|3(N57).PIRIG|"
"󲆰","|3(N57).RU|","|3(N57).RU|, |3(N57).RU|","|3(N57).RU|"
"𒯮𒦣","|3(N57).SANGA~a|","|3(N57).SANGA~a|, |3(N57).SANGA~a|","|3(N57).SANGA|"
"𒯮𒦬","|3(N57).SI|","|3(N57).SI|, |3(N57).SI|","|3(N57).SI|"
"󲊪","|3(N57).ŠUBUR|","|3(N57).ŠUBUR|, |3(N57).ŠUBUR|","|3(N57).ŠUBUR|"
"𒤧","|3(N58).UR₃~b1|","|3(N58).UR3~b1|, |3(N58).UR₃~b1|","|3(N58).UR₃|"
"󲊒","|4(N57).AMAR|","|4(N57).AMAR|, |4(N57).AMAR|","|4(N57).AMAR|"
"󲊘","|4(N57).GAR|","|4(N57).GAR|, |4(N57).GAR|","|4(N57).GAR|"
"󲊛","|4(N57).KU₃~a|","|4(N57).KU3~a|, |4(N57).KU₃~a|","|4(N57).KU₃|"
"󲊙","|5(N57).GAR|","|5(N57).GAR|, |5(N57).GAR|","|5(N57).GAR|"
"󲊜","|5(N57).KU₃~a|","|5(N57).KU3~a|, |5(N57).KU₃~a|","|5(N57).KU₃|"
"󲊚","|6(N57).GAR|","|6(N57).GAR|, |6(N57).GAR|","|6(N57).GAR|"
"󲊝","|6(N57).KU₃~a|","|6(N57).KU3~a|, |6(N57).KU₃~a|","|6(N57).KU₃|"
"󲕅","|7(N57).GAR|","|7(N57).GAR|, |7(N57).GAR|","|7(N57).GAR|"
"𒚔","|A×1(N14)|","|A×1(N14)|, |A×1(N14)|","|A×1(N14)|"
"󲐀","|A×AB₂|","|A×AB2|, |A×AB₂|","|A×AB₂|"
"𒚑","|A×EN~a|","|A×EN~a|, |A×EN~a|","|A×EN|"
"𒚒","|A×ŠUBUR|","|A×ŠUBUR|, |A×ŠUBUR|","|A×ŠUBUR|"
"𒚓","|A×ZATU672|","|A×ZATU672|, |A×ZATU672|","|A×ZATU672|"
"𒚙","|AB~a×(ŠE~a&ŠE~a)|","|AB~a×(ŠE~a&ŠE~a)|, |AB~a×(ŠE~a&ŠE~a)|","|AB×(ŠE&ŠE)|"
"𒚛","|AB~a×1(N04)|","|AB~a×1(N04)|, |AB~a×1(N04)|","|AB×1(N04)|"
"𒚗","|AB~a×A@t|","|AB~a×A@t|, |AB~a×A@t|","|AB×A|"
"𒚘","|AB~a×AŠ₂|","|AB~a×AŠ2|, |AB~a×AŠ₂|","|AB×AŠ₂|"
"󲐃","|AB~a×SUKKAL|","|AB~a×SUKKAL|, |AB~a×SUKKAL|","|AB×SUKKAL|"
"𒚚","|AB~a×ZATU659|","|AB~a×ZATU659|, |AB~a×ZATU659|","|AB×ZATU659|"
"󲐆","|AB~b×A|","|AB~b×A|, |AB~b×A|","|AB×A|"
"󲐇","|AB~b×KU₆~a|","|AB~b×KU6~a|, |AB~b×KU₆~a|","|AB×KU₆|"
"󲐈","|AB~b×ŠA₃~a1|","|AB~b×ŠA3~a1|, |AB~b×ŠA₃~a1|","|AB×ŠA₃|"
"𒚟","|AB₂×2(N14)|","|AB2×2(N14)|, |AB₂×2(N14)|","|AB₂×2(N14)|"
"𒚲","|AMA~a×E₂~a|","|AMA~a×E2~a|, |AMA~a×E₂~a|","|AMA×E₂|"
"󲈪","|AMAR.1(N02)|","|AMAR.1(N02)|, |AMAR.1(N02)|","|AMAR.1(N02)|"
"𒚶","|AMAR&AMAR|","|AMAR&AMAR|, |AMAR&AMAR|","|AMAR&AMAR|"
"𒚵","|AMAR×TAR~c|","|AMAR×TAR~c|, |AMAR×TAR~c|","|AMAR×TAR|"
"󲈬","|APIN~a.APIN~a|","|APIN~a.APIN~a|, |APIN~a.APIN~a|","|APIN.APIN|"
"𒛆","|BAD&BAD|","|BAD&BAD|, |BAD&BAD|","|BAD&BAD|"
,"|BU~a&BU~a|","|BU~a&BU~a|, |BU~a&BU~a|","|BU&BU|"
"𒛨","|BU~a+DU₆~a|","|BU~a+DU6~a|, |BU~a+DU₆~a|","|BU+DU₆|"
"𒛩","|BU~a+KI|","|BU~a+KI|, |BU~a+KI|","|BU+KI|"
"󲐎","|BU~a×1(N58)|","|BU~a×1(N58)|, |BU~a×1(N58)|","|BU×1(N58)|"
"𒛪","|BU~a×A|","|BU~a×A|, |BU~a×A|","|BU×A|"
"󲐍","|BU~a×GIŠ@t|","|BU~a×GIŠ@t|, |BU~a×GIŠ@t|","|BU×GIŠ|"
"󲈭","|BU~b.NA₂~a|","|BU~b.NA2~a|, |BU~b.NA₂~a|","|BU.NA₂|"
"󲈯","|DA~a.LIŠ|","|DA~a.LIŠ|, |DA~a.LIŠ|","|DA.LIŠ|"
"𒛾","|DAR~a×A|","|DAR~a×A|, |DAR~a×A|","|DAR×A|"
"𒜅","|DARA₃~c×(KAR₂.ŠE~a)|","|DARA3~c×(KAR2.ŠE~a)|, |DARA₃~c×(KAR₂.ŠE~a)|","|DARA₃×(KAR₂.ŠE)|"
"𒜄","|DARA₃~c×KAR₂|","|DARA3~c×KAR2|, |DARA₃~c×KAR₂|","|DARA₃×KAR₂|"
"𒜇","|DARA₃~d×(KAR₂.ŠE~a)|","|DARA3~d×(KAR2.ŠE~a)|, |DARA₃~d×(KAR₂.ŠE~a)|","|DARA₃×(KAR₂.ŠE)|"
"𒜈","|DARA₃~d×KAR₂~b|","|DARA3~d×KAR2~b|, |DARA₃~d×KAR₂~b|","|DARA₃×KAR₂|"
"𒜜","|DIN×1(N58)|","|DIN×1(N58)|, |DIN×1(N58)|","|DIN×1(N58)|"
"󲈰","|DU.U₄.1(N14).1(N08)|","|DU.U4.1(N14).1(N08)|, |DU.U₄.1(N14).1(N08)|","|DU.U₄.1(N14).1(N08)|"
"𒜟","|DU×1(N58@t)|","|DU×1(N58@t)|, |DU×1(N58@t)|","|DU×1(N58)|"
"𒜢","|DU₆~a×1(N58)|","|DU6~a×1(N58)|, |DU₆~a×1(N58)|","|DU₆×1(N58)|"
"𒜩","|DU₈~c×AB₂|","|DU8~c×AB2|, |DU₈~c×AB₂|","|DU₈×AB₂|"
"𒜪","|DU₈~c×AMAR|","|DU8~c×AMAR|, |DU₈~c×AMAR|","|DU₈×AMAR|"
"𒜫","|DU₈~c×HI|","|DU8~c×HI|, |DU₈~c×HI|","|DU₈×HI|"
"𒜬","|DU₈~c×UDU~a|","|DU8~c×UDU~a|, |DU₈~c×UDU~a|","|DU₈×UDU|"
"𒜷","|DUB@n~b×1(N58)~a|","|DUB@n~b×1(N58)~a|, |DUB@n~b×1(N58)~a|","|DUB×1(N58)|"
"𒜾","|DUG~a×1(N57)|","|DUG~a×1(N57)|, |DUG~a×1(N57)|","|DUG×1(N57)|"
"󲐒","|DUG~a×KASKAL|","|DUG~a×KASKAL|, |DUG~a×KASKAL|","|DUG×KASKAL|"
"𒜺","|DUG~a×KU₆~a|","|DUG~a×KU6~a|, |DUG~a×KU₆~a|","|DUG×KU₆|"
"󲐓","|DUG~a×LAM~b|","|DUG~a×LAM~b|, |DUG~a×LAM~b|","|DUG×LAM|"
"𒜻","|DUG~a×NAGA~a|","|DUG~a×NAGA~a|, |DUG~a×NAGA~a|","|DUG×NAGA|"
"𒜼","|DUG~a×U₂~a|","|DUG~a×U2~a|, |DUG~a×U₂~a|","|DUG×U₂|"
"𒜽","|DUG~a×U₂~b|","|DUG~a×U2~b|, |DUG~a×U₂~b|","|DUG×U₂|"
"𒝱","|DUG~b×(1(N57).KU₃~a)|","|DUG~b×(1(N57).KU3~a)|, |DUG~b×(1(N57).KU₃~a)|","|DUG×(1(N57).KU₃)|"
"󲐕","|DUG~b×(KUR~a.X)|","|DUG~b×(KUR~a.X)|, |DUG~b×(KUR~a.X)|","|DUG×(KUR.X)|"
"󲐖","|DUG~b×(NI~a@g.ZATU779)|","|DUG~b×(NI~a@g.ZATU779)|, |DUG~b×(NI~a@g.ZATU779)|","|DUG×(NI.ZATU779)|"
"𒝙","|DUG~b×(SA~a.GI)|","|DUG~b×(SA~a.GI)|, |DUG~b×(SA~a.GI)|","|DUG×(SA.GI)|"
"󲐗","|DUG~b×(SI₄~a.X)|","|DUG~b×(SI4~a.X)|, |DUG~b×(SI₄~a.X)|","|DUG×(SI₄.X)|"
"𒝡","|DUG~b×(ŠE~a.NAM₂)|","|DUG~b×(ŠE~a.NAM2)|, |DUG~b×(ŠE~a.NAM₂)|","|DUG×(ŠE.NAM₂)|"
"𒝣","|DUG~b×(TAK₄~a.SA~a)|","|DUG~b×(TAK4~a.SA~a)|, |DUG~b×(TAK₄~a.SA~a)|","|DUG×(TAK₄.SA)|"
"𒝤","|DUG~b×(TAK₄~a.SAL)|","|DUG~b×(TAK4~a.SAL)|, |DUG~b×(TAK₄~a.SAL)|","|DUG×(TAK₄.SAL)|"
"𒝨","|DUG~b×(UDU~a×TAR~b)|","|DUG~b×(UDU~a×TAR~b)|, |DUG~b×(UDU~a×TAR~b)|","|DUG×(UDU×TAR)|"
"𒝯","|DUG~b×(ZATU789.SA~a)|","|DUG~b×(ZATU789.SA~a)|, |DUG~b×(ZATU789.SA~a)|","|DUG×(ZATU789.SA)|"
"𒝰","|DUG~b×1(N57)|","|DUG~b×1(N57)|, |DUG~b×1(N57)|","|DUG×1(N57)|"
"𒝲","|DUG~b×1(N58)|","|DUG~b×1(N58)|, |DUG~b×1(N58)|","|DUG×1(N58)|"
"󲐙","|DUG~b×3(N57)|","|DUG~b×3(N57)|, |DUG~b×3(N57)|","|DUG×3(N57)|"
"𒝀","|DUG~b×AB₂|","|DUG~b×AB2|, |DUG~b×AB₂|","|DUG×AB₂|"
"𒝁","|DUG~b×ANŠE~b|","|DUG~b×ANŠE~b|, |DUG~b×ANŠE~b|","|DUG×ANŠE|"
"𒝂","|DUG~b×ANŠE~d|","|DUG~b×ANŠE~d|, |DUG~b×ANŠE~d|","|DUG×ANŠE|"
"󲔮","|DUG~b×BA|","|DUG~b×BA|, |DUG~b×BA|","|DUG×BA|"
"𒝃","|DUG~b×BALA~a|","|DUG~b×BALA~a|, |DUG~b×BALA~a|","|DUG×BALA|"
"𒝄","|DUG~b×BIR₃~c|","|DUG~b×BIR3~c|, |DUG~b×BIR₃~c|","|DUG×BIR₃|"
"𒝅","|DUG~b×DIN|","|DUG~b×DIN|, |DUG~b×DIN|","|DUG×DIN|"
"󲐔","|DUG~b×E~a|","|DUG~b×E~a|, |DUG~b×E~a|","|DUG×E|"
"𒝇","|DUG~b×GA~a|","|DUG~b×GA~a|, |DUG~b×GA~a|","|DUG×GA|"
"𒝈","|DUG~b×GA~b|","|DUG~b×GA~b|, |DUG~b×GA~b|","|DUG×GA|"
"𒝉","|DUG~b×GEŠTU~a|","|DUG~b×GEŠTU~a|, |DUG~b×GEŠTU~a|","|DUG×GEŠTU|"
"𒝊","|DUG~b×GEŠTU~b|","|DUG~b×GEŠTU~b|, |DUG~b×GEŠTU~b|","|DUG×GEŠTU|"
"𒝋","|DUG~b×GI₆|","|DUG~b×GI6|, |DUG~b×GI₆|","|DUG×GI₆|"
"𒝌","|DUG~b×GIŠ|","|DUG~b×GIŠ|, |DUG~b×GIŠ|","|DUG×GIŠ|"
"𒝎","|DUG~b×HI@g~a|","|DUG~b×HI@g~a|, |DUG~b×HI@g~a|","|DUG×HI|"
"𒝍","|DUG~b×HI|","|DUG~b×HI|, |DUG~b×HI|","|DUG×HI|"
"𒝏","|DUG~b×KASKAL|","|DUG~b×KASKAL|, |DUG~b×KASKAL|","|DUG×KASKAL|"
"𒝐","|DUG~b×KU₆~a|","|DUG~b×KU6~a|, |DUG~b×KU₆~a|","|DUG×KU₆|"
"𒝓","|DUG~b×KUR@g~a|","|DUG~b×KUR@g~a|, |DUG~b×KUR@g~a|","|DUG×KUR|"
"𒝑","|DUG~b×KUR~a|","|DUG~b×KUR~a|, |DUG~b×KUR~a|","|DUG×KUR|"
"𒝒","|DUG~b×KUR~b|","|DUG~b×KUR~b|, |DUG~b×KUR~b|","|DUG×KUR|"
"𒝔","|DUG~b×LAM~a|","|DUG~b×LAM~a|, |DUG~b×LAM~a|","|DUG×LAM|"
"𒝕","|DUG~b×MAŠ|","|DUG~b×MAŠ|, |DUG~b×MAŠ|","|DUG×MAŠ|"
"𒝖","|DUG~b×NAGA~a|","|DUG~b×NAGA~a|, |DUG~b×NAGA~a|","|DUG×NAGA|"
"𒝗","|DUG~b×NAM₂|","|DUG~b×NAM2|, |DUG~b×NAM₂|","|DUG×NAM₂|"
"𒝘","|DUG~b×SA~a|","|DUG~b×SA~a|, |DUG~b×SA~a|","|DUG×SA|"
"𒝚","|DUG~b×SI₄~a|","|DUG~b×SI4~a|, |DUG~b×SI₄~a|","|DUG×SI₄|"
"𒝛","|DUG~b×SIG₂~a1|","|DUG~b×SIG2~a1|, |DUG~b×SIG₂~a1|","|DUG×SIG₂|"
"𒝜","|DUG~b×SIG₂~a2|","|DUG~b×SIG2~a2|, |DUG~b×SIG₂~a2|","|DUG×SIG₂|"
"𒝝","|DUG~b×SIG₇|","|DUG~b×SIG7|, |DUG~b×SIG₇|","|DUG×SIG₇|"
"𒝞","|DUG~b×SUHUR|","|DUG~b×SUHUR|, |DUG~b×SUHUR|","|DUG×SUHUR|"
"󲔬","|DUG~b×SUKUD~d|","|DUG~b×SUKUD~d|, |DUG~b×SUKUD~d|","|DUG×SUKUD|"
"𒝟","|DUG~b×ŠAH₂~a|","|DUG~b×ŠAH2~a|, |DUG~b×ŠAH₂~a|","|DUG×ŠAH₂|"
"𒝠","|DUG~b×ŠE~a|","|DUG~b×ŠE~a|, |DUG~b×ŠE~a|","|DUG×ŠE|"
"𒝢","|DUG~b×TAK₄~a|","|DUG~b×TAK4~a|, |DUG~b×TAK₄~a|","|DUG×TAK₄|"
"𒝥","|DUG~b×TI|","|DUG~b×TI|, |DUG~b×TI|","|DUG×TI|"
"𒝦","|DUG~b×U₂~a|","|DUG~b×U2~a|, |DUG~b×U₂~a|","|DUG×U₂|"
"𒝧","|DUG~b×U₂~b|","|DUG~b×U2~b|, |DUG~b×U₂~b|","|DUG×U₂|"
"𒝪","|DUG~b×UH₃~a@t|","|DUG~b×UH3~a@t|, |DUG~b×UH₃~a@t|","|DUG×UH₃|"
"𒝩","|DUG~b×UH₃~a|","|DUG~b×UH3~a|, |DUG~b×UH₃~a|","|DUG×UH₃|"
"󲂻","|DUG~b×X|","|DUG~b×X|, |DUG~b×X|","|DUG×X|"
"󲐘","|DUG~b×ZATU707~a|","|DUG~b×ZATU707~a|, |DUG~b×ZATU707~a|","|DUG×ZATU707|"
"𒝫","|DUG~b×ZATU764|","|DUG~b×ZATU764|, |DUG~b×ZATU764|","|DUG×ZATU764|"
"𒝬","|DUG~b×ZATU779|","|DUG~b×ZATU779|, |DUG~b×ZATU779|","|DUG×ZATU779|"
"𒝭","|DUG~b×ZATU780|","|DUG~b×ZATU780|, |DUG~b×ZATU780|","|DUG×ZATU780|"
"𒝮","|DUG~b×ZATU781|","|DUG~b×ZATU781|, |DUG~b×ZATU781|","|DUG×ZATU781|"
"𒝵","|DUG~c×1(N57)|","|DUG~c×1(N57)|, |DUG~c×1(N57)|","|DUG×1(N57)|"
"󲈱","|E₂~a.LIŠ|","|E2~a.LIŠ|, |E₂~a.LIŠ|","|E₂.LIŠ|"
"󲈲","|E₂~a.NUN~a|","|E2~a.NUN~a|, |E₂~a.NUN~a|","|E₂.NUN|"
"𒞀","|E₂~a×1(N58@t)|","|E2~a×1(N58@t)|, |E₂~a×1(N58@t)|","|E₂×1(N58)|"
"󲐛","|E₂~a×3(N58)|","|E2~a×3(N58)|, |E₂~a×3(N58)|","|E₂×3(N58)|"
"󲈳","|E₂~b.LIŠ|","|E2~b.LIŠ|, |E₂~b.LIŠ|","|E₂.LIŠ|"
"𒞂","|E₂~b×1(N58@t)|","|E2~b×1(N58@t)|, |E₂~b×1(N58@t)|","|E₂×1(N58)|"
"󲃋","|EN~a.EZEN~b×ŠE~a@t.NUN~a.SIG₇|","|EN~a.EZEN~b×ŠE~a@t.NUN~a.SIG7|, |EN~a.EZEN~b×ŠE~a@t.NUN~a.SIG₇|","|EN.EZEN×ŠE.NUN.SIG₇|"
"󲃈","|EN~a.ME~a.GI|","|EN~a.ME~a.GI|, |EN~a.ME~a.GI|","|EN.ME.GI|"
"󲈵","|EN~a.ME~a.MU|","|EN~a.ME~a.MU|, |EN~a.ME~a.MU|","|EN.ME.MU|"
"󲐜","|EN~c&EN~c|","|EN~c&EN~c|, |EN~c&EN~c|","|EN&EN|"
"󲈶","|EN₂.E₂~a|","|EN2.E2~a|, |EN₂.E₂~a|","|EN₂.E₂|"
"󲈷","|EN₂.E₂~b|","|EN2.E2~b|, |EN₂.E₂~b|","|EN₂.E₂|"
"󲅃","|EŠDA.NAM₂|","|EŠDA.NAM2|, |EŠDA.NAM₂|","|EŠDA.NAM₂|"
"𒞓","|EŠDA×TAR~a|","|EŠDA×TAR~a|, |EŠDA×TAR~a|","|EŠDA×TAR|"
"𒞗","|EZEN~a×(HI×1(N57).AN)|","|EZEN~a×(HI×1(N57).AN)|, |EZEN~a×(HI×1(N57).AN)|","|EZEN×(HI×1(N57).AN)|"
"𒞟","|EZEN~a×(U₂~b.A)|","|EZEN~a×(U2~b.A)|, |EZEN~a×(U₂~b.A)|","|EZEN×(U₂.A)|"
"󲐠","|EZEN~a×EN~a|","|EZEN~a×EN~a|, |EZEN~a×EN~a|","|EZEN×EN|"
"𒞖","|EZEN~a×EN~b|","|EZEN~a×EN~b|, |EZEN~a×EN~b|","|EZEN×EN|"
"𒞘","|EZEN~a×KAB|","|EZEN~a×KAB|, |EZEN~a×KAB|","|EZEN×KAB|"
"𒞙","|EZEN~a×KAŠ~b|","|EZEN~a×KAŠ~b|, |EZEN~a×KAŠ~b|","|EZEN×KAŠ|"
"𒞚","|EZEN~a×KI|","|EZEN~a×KI|, |EZEN~a×KI|","|EZEN×KI|"
"𒞛","|EZEN~a×NIM~b2|","|EZEN~a×NIM~b2|, |EZEN~a×NIM~b2|","|EZEN×NIM|"
"𒞜","|EZEN~a×NIMGIR|","|EZEN~a×NIMGIR|, |EZEN~a×NIMGIR|","|EZEN×NIMGIR|"
"𒞝","|EZEN~a×RAD~a|","|EZEN~a×RAD~a|, |EZEN~a×RAD~a|","|EZEN×RAD|"
"󲐞","|EZEN~a×SAG|","|EZEN~a×SAG|, |EZEN~a×SAG|","|EZEN×SAG|"
"𒞞","|EZEN~a×SU~a|","|EZEN~a×SU~a|, |EZEN~a×SU~a|","|EZEN×SU|"
"𒞠","|EZEN~a×U₄|","|EZEN~a×U4|, |EZEN~a×U₄|","|EZEN×U₄|"
"󲐟","|EZEN~a×X|","|EZEN~a×X|, |EZEN~a×X|","|EZEN×X|"
"𒞣","|EZEN~b×6(N57)|","|EZEN~b×6(N57)|, |EZEN~b×6(N57)|","|EZEN×6(N57)|"
"󲃑","|GA~a.ZATU753|","|GA~a.ZATU753|, |GA~a.ZATU753|","|GA.ZATU753|"
"𒞭","|GA~c×1(N14)|","|GA~c×1(N14)|, |GA~c×1(N14)|","|GA×1(N14)|"
"𒞬","|GA~c×KASKAL|","|GA~c×KASKAL|, |GA~c×KASKAL|","|GA×KASKAL|"
"󲐤","|GA₂~a1×((SUKUD+SUKUD)~a)|","|GA2~a1×((SUKUD+SUKUD)~a)|, |GA₂~a1×((SUKUD+SUKUD)~a)|","|GA₂×((SUKUD+SUKUD))|"
"󲐥","|GA₂~a1×((SUKUD+SUKUD)~b)|","|GA2~a1×((SUKUD+SUKUD)~b)|, |GA₂~a1×((SUKUD+SUKUD)~b)|","|GA₂×((SUKUD+SUKUD))|"
"𒞶","|GA₂~a1×(GIR~a.KU₆~a)|","|GA2~a1×(GIR~a.KU6~a)|, |GA₂~a1×(GIR~a.KU₆~a)|","|GA₂×(GIR.KU₆)|"
"󲐡","|GA₂~a1×(HI.SUHUR)|","|GA2~a1×(HI.SUHUR)|, |GA₂~a1×(HI.SUHUR)|","|GA₂×(HI.SUHUR)|"
"𒞼","|GA₂~a1×(KU₆~a+KU₆~a)|","|GA2~a1×(KU6~a+KU6~a)|, |GA₂~a1×(KU₆~a+KU₆~a)|","|GA₂×(KU₆+KU₆)|"
"𒟈","|GA₂~a1×1(N14)|","|GA2~a1×1(N14)|, |GA₂~a1×1(N14)|","|GA₂×1(N14)|"
"𒟉","|GA₂~a1×1(N57)|","|GA2~a1×1(N57)|, |GA₂~a1×1(N57)|","|GA₂×1(N57)|"
"𒞯","|GA₂~a1×A|","|GA2~a1×A|, |GA₂~a1×A|","|GA₂×A|"
"𒞰","|GA₂~a1×E₂~a|","|GA2~a1×E2~a|, |GA₂~a1×E₂~a|","|GA₂×E₂|"
"󲔧","|GA₂~a1×EN~a|","|GA2~a1×EN~a|, |GA₂~a1×EN~a|","|GA₂×EN|"
"𒞱","|GA₂~a1×EN~b|","|GA2~a1×EN~b|, |GA₂~a1×EN~b|","|GA₂×EN|"
"𒞲","|GA₂~a1×GEŠTU~a|","|GA2~a1×GEŠTU~a|, |GA₂~a1×GEŠTU~a|","|GA₂×GEŠTU|"
"𒞳","|GA₂~a1×GEŠTU~c3|","|GA2~a1×GEŠTU~c3|, |GA₂~a1×GEŠTU~c3|","|GA₂×GEŠTU|"
"𒞴","|GA₂~a1×GEŠTU~c5|","|GA2~a1×GEŠTU~c5|, |GA₂~a1×GEŠTU~c5|","|GA₂×GEŠTU|"
"𒞵","|GA₂~a1×GIR~a|","|GA2~a1×GIR~a|, |GA₂~a1×GIR~a|","|GA₂×GIR|"
"𒞷","|GA₂~a1×GIŠ@t|","|GA2~a1×GIŠ@t|, |GA₂~a1×GIŠ@t|","|GA₂×GIŠ|"
"𒞸","|GA₂~a1×HAL|","|GA2~a1×HAL|, |GA₂~a1×HAL|","|GA₂×HAL|"
"𒞹","|GA₂~a1×HI|","|GA2~a1×HI|, |GA₂~a1×HI|","|GA₂×HI|"
"𒞺","|GA₂~a1×KU₃~a|","|GA2~a1×KU3~a|, |GA₂~a1×KU₃~a|","|GA₂×KU₃|"
"𒞻","|GA₂~a1×KU₆~a|","|GA2~a1×KU6~a|, |GA₂~a1×KU₆~a|","|GA₂×KU₆|"
"𒞽","|GA₂~a1×LAGAB~b|","|GA2~a1×LAGAB~b|, |GA₂~a1×LAGAB~b|","|GA₂×LAGAB|"
"𒞾","|GA₂~a1×MAŠ|","|GA2~a1×MAŠ|, |GA₂~a1×MAŠ|","|GA₂×MAŠ|"
"󲐢","|GA₂~a1×NAGA~a|","|GA2~a1×NAGA~a|, |GA₂~a1×NAGA~a|","|GA₂×NAGA|"
"󲐣","|GA₂~a1×NIM~b1|","|GA2~a1×NIM~b1|, |GA₂~a1×NIM~b1|","|GA₂×NIM|"
"𒞿","|GA₂~a1×PAD~b|","|GA2~a1×PAD~b|, |GA₂~a1×PAD~b|","|GA₂×PAD|"
"𒟀","|GA₂~a1×PAP~a|","|GA2~a1×PAP~a|, |GA₂~a1×PAP~a|","|GA₂×PAP|"
"𒟁","|GA₂~a1×SU~a|","|GA2~a1×SU~a|, |GA₂~a1×SU~a|","|GA₂×SU|"
"𒟂","|GA₂~a1×SUHUR|","|GA2~a1×SUHUR|, |GA₂~a1×SUHUR|","|GA₂×SUHUR|"
"𒟃","|GA₂~a1×SUKUD|","|GA2~a1×SUKUD|, |GA₂~a1×SUKUD|","|GA₂×SUKUD|"
"𒟄","|GA₂~a1×SUMAŠ|","|GA2~a1×SUMAŠ|, |GA₂~a1×SUMAŠ|","|GA₂×SUMAŠ|"
"𒟅","|GA₂~a1×ŠA|","|GA2~a1×ŠA|, |GA₂~a1×ŠA|","|GA₂×ŠA|"
"𒟆","|GA₂~a1×TI|","|GA2~a1×TI|, |GA₂~a1×TI|","|GA₂×TI|"
"𒟇","|GA₂~a1×U₄|","|GA2~a1×U4|, |GA₂~a1×U₄|","|GA₂×U₄|"
"󲐦","|GA₂~a1×X|","|GA2~a1×X|, |GA₂~a1×X|","|GA₂×X|"
"󲔩","|GA₂~a1×X₁|","|GA2~a1×X1|, |GA₂~a1×X₁|","|GA₂×X₁|"
"𒟏","|GA₂~a2×(ŠE₃.GU₄)|","|GA2~a2×(ŠE3.GU4)|, |GA₂~a2×(ŠE₃.GU₄)|","|GA₂×(ŠE₃.GU₄)|"
"󲕃","|GA₂~a2×3(N57)|","|GA2~a2×3(N57)|, |GA₂~a2×3(N57)|","|GA₂×3(N57)|"
"𒟋","|GA₂~a2×GU₄|","|GA2~a2×GU4|, |GA₂~a2×GU₄|","|GA₂×GU₄|"
"𒟌","|GA₂~a2×NI~a|","|GA2~a2×NI~a|, |GA₂~a2×NI~a|","|GA₂×NI|"
"󲐨","|GA₂~a2×NI~b|","|GA2~a2×NI~b|, |GA₂~a2×NI~b|","|GA₂×NI|"
"𒟍","|GA₂~a2×SUHUR|","|GA2~a2×SUHUR|, |GA₂~a2×SUHUR|","|GA₂×SUHUR|"
"𒟎","|GA₂~a2×ŠE₃|","|GA2~a2×ŠE3|, |GA₂~a2×ŠE₃|","|GA₂×ŠE₃|"
"󲐩","|GA₂~a2×X|","|GA2~a2×X|, |GA₂~a2×X|","|GA₂×X|"
"󲐪","|GA₂~a3×X|","|GA2~a3×X|, |GA₂~a3×X|","|GA₂×X|"
"𒟓","|GA₂~b×DUB~a|","|GA2~b×DUB~a|, |GA₂~b×DUB~a|","|GA₂×DUB|"
"𒟔","|GA₂~b×DUB~b|","|GA2~b×DUB~b|, |GA₂~b×DUB~b|","|GA₂×DUB|"
"󲐫","|GA₂~b×KU₃~a|","|GA2~b×KU3~a|, |GA₂~b×KU₃~a|","|GA₂×KU₃|"
"𒟕","|GA₂~b×KU₆~a|","|GA2~b×KU6~a|, |GA₂~b×KU₆~a|","|GA₂×KU₆|"
"󲔯","|GA₂~b×NUN~b|","|GA2~b×NUN~b|, |GA₂~b×NUN~b|","|GA₂×NUN|"
"𒟖","|GA₂~b×ZATU659|","|GA2~b×ZATU659|, |GA₂~b×ZATU659|","|GA₂×ZATU659|"
"󲈸","|GAL~a.BUR₂|","|GAL~a.BUR2|, |GAL~a.BUR₂|","|GAL.BUR₂|"
"󲈹","|GAL~a.NI~a|","|GAL~a.NI~a|, |GAL~a.NI~a|","|GAL.NI|"
"󲈺","|GAL~a.NIM~a|","|GAL~a.NIM~a|, |GAL~a.NIM~a|","|GAL.NIM|"
"𒟬","|GAN~c×(4(N57).GAR)|","|GAN~c×(4(N57).GAR)|, |GAN~c×(4(N57).GAR)|","|GAN×(4(N57).GAR)|"
"𒟦","|GAN~c×(HI.DIN)|","|GAN~c×(HI.DIN)|, |GAN~c×(HI.DIN)|","|GAN×(HI.DIN)|"
"𒟨","|GAN~c×(KUR~a.A)|","|GAN~c×(KUR~a.A)|, |GAN~c×(KUR~a.A)|","|GAN×(KUR.A)|"
"𒟤","|GAN~c×DIN|","|GAN~c×DIN|, |GAN~c×DIN|","|GAN×DIN|"
"𒟥","|GAN~c×HI|","|GAN~c×HI|, |GAN~c×HI|","|GAN×HI|"
"𒟧","|GAN~c×KAŠ~c|","|GAN~c×KAŠ~c|, |GAN~c×KAŠ~c|","|GAN×KAŠ|"
"𒟩","|GAN~c×LAGAB~b|","|GAN~c×LAGAB~b|, |GAN~c×LAGAB~b|","|GAN×LAGAB|"
"󲐮","|GAN~c×NE~a|","|GAN~c×NE~a|, |GAN~c×NE~a|","|GAN×NE|"
"𒟪","|GAN~c×SIG₇|","|GAN~c×SIG7|, |GAN~c×SIG₇|","|GAN×SIG₇|"
"󲐰","|GAN~c×ŠE~a|","|GAN~c×ŠE~a|, |GAN~c×ŠE~a|","|GAN×ŠE|"
"󲐱","|GAN~c×ŠE₃@t|","|GAN~c×ŠE3@t|, |GAN~c×ŠE₃@t|","|GAN×ŠE₃|"
"󲐯","|GAN~c×X|","|GAN~c×X|, |GAN~c×X|","|GAN×X|"
"𒟫","|GAN~c×ZATU777|","|GAN~c×ZATU777|, |GAN~c×ZATU777|","|GAN×ZATU777|"
"𒟭","|GAN~d×GEŠTU~a|","|GAN~d×GEŠTU~a|, |GAN~d×GEŠTU~a|","|GAN×GEŠTU|"
"󲈻","|GEŠTU~a.NAGA~a|","|GEŠTU~a.NAGA~a|, |GEŠTU~a.NAGA~a|","|GEŠTU.NAGA|"
"𒟺","|GEŠTU~a×ŠE~a@t|","|GEŠTU~a×ŠE~a@t|, |GEŠTU~a×ŠE~a@t|","|GEŠTU×ŠE|"
"𒠊","|GI&GI&GI|","|GI&GI&GI|, |GI&GI&GI|","|GI&GI&GI|"
"𒠈","|GI&GI|","|GI&GI|, |GI&GI|","|GI&GI|"
"𒠆","|GI×1(N14)|","|GI×1(N14)|, |GI×1(N14)|","|GI×1(N14)|"
"𒠇","|GI×1(N58@t)|","|GI×1(N58@t)|, |GI×1(N58@t)|","|GI×1(N58)|"
"𒟿","|GI×A|","|GI×A|, |GI×A|","|GI×A|"
"𒠀","|GI×GIŠ@t|","|GI×GIŠ@t|, |GI×GIŠ@t|","|GI×GIŠ|"
"𒠁","|GI×KU~b1|","|GI×KU~b1|, |GI×KU~b1|","|GI×KU|"
"𒠂","|GI×LAGAB~a|","|GI×LAGAB~a|, |GI×LAGAB~a|","|GI×LAGAB|"
"𒠃","|GI×NAM₂|","|GI×NAM2|, |GI×NAM₂|","|GI×NAM₂|"
"𒠄","|GI×SIG₂~d1|","|GI×SIG2~d1|, |GI×SIG₂~d1|","|GI×SIG₂|"
"𒠅","|GI×ŠE₃|","|GI×ŠE3|, |GI×ŠE₃|","|GI×ŠE₃|"
"󲐳","|GI×X|","|GI×X|, |GI×X|","|GI×X|"
"󲐶","|GI₄~a&GI₄~a|","|GI4~a&GI4~a|, |GI₄~a&GI₄~a|","|GI₄&GI₄|"
"𒠍","|GI₄~a×A|","|GI4~a×A|, |GI₄~a×A|","|GI₄×A|"
"𒠏","|GI₄~b&GI₄~b|","|GI4~b&GI4~b|, |GI₄~b&GI₄~b|","|GI₄&GI₄|"
"󲈽","|GIR~a.KU₆~a|","|GIR~a.KU6~a|, |GIR~a.KU₆~a|","|GIR.KU₆|"
"󲈾","|GIR~b.GIR~b|","|GIR~b.GIR~b|, |GIR~b.GIR~b|","|GIR.GIR|"
"𒠗","|GIR₃~a×ŠE~b|","|GIR3~a×ŠE~b|, |GIR₃~a×ŠE~b|","|GIR₃×ŠE|"
"󲈿","|GIR₃~c.AB~a|","|GIR3~c.AB~a|, |GIR₃~c.AB~a|","|GIR₃.AB|"
"󲉀","|GIR₃~c.PIRIG~b1|","|GIR3~c.PIRIG~b1|, |GIR₃~c.PIRIG~b1|","|GIR₃.PIRIG|"
"󲐺","|GIR₃~c×KAR₂~b|","|GIR3~c×KAR2~b|, |GIR₃~c×KAR₂~b|","|GIR₃×KAR₂|"
"𒠚","|GIR₃~c×ŠE₃|","|GIR3~c×ŠE3|, |GIR₃~c×ŠE₃|","|GIR₃×ŠE₃|"
"󲉁","|GIŠ.TE|","|GIŠ.TE|, |GIŠ.TE|","|GIŠ.TE|"
"𒠨","|GIŠ₃~a&GIŠ₃~a|","|GIŠ3~a&GIŠ3~a|, |GIŠ₃~a&GIŠ₃~a|","|GIŠ₃&GIŠ₃|"
"󲉃","|GU₄.ZATU755~b|","|GU4.ZATU755~b|, |GU₄.ZATU755~b|","|GU₄.ZATU755|"
"𒠻","|GUG₂×SILA₃~a|","|GUG2×SILA3~a|, |GUG₂×SILA₃~a|","|GUG₂×SILA₃|"
"󲓼","|GUG₂×ŠITA~a1|","|GUG2×ŠITA~a1|, |GUG₂×ŠITA~a1|","|GUG₂×ŠITA|"
"𒠼","|GUG₂×TUR|","|GUG2×TUR|, |GUG₂×TUR|","|GUG₂×TUR|"
"󲉄","|GUKKAL~a.HI@g~a|","|GUKKAL~a.HI@g~a|, |GUKKAL~a.HI@g~a|","|GUKKAL.HI|"
"𒡉","|GURUŠ~a×2(N14)|","|GURUŠ~a×2(N14)|, |GURUŠ~a×2(N14)|","|GURUŠ×2(N14)|"
"𒡋","|GURUŠ~b×2(N14)|","|GURUŠ~b×2(N14)|, |GURUŠ~b×2(N14)|","|GURUŠ×2(N14)|"
"𒡌","|GURUŠ~c×2(N14)|","|GURUŠ~c×2(N14)|, |GURUŠ~c×2(N14)|","|GURUŠ×2(N14)|"
"𒡑","|HAŠHUR×MA|","|HAŠHUR×MA|, |HAŠHUR×MA|","|HAŠHUR×MA|"
"󲉅","|HI.LAGAB~a|","|HI.LAGAB~a|, |HI.LAGAB~a|","|HI.LAGAB|"
"󲃳","|HI.SUHUR|","|HI.SUHUR|, |HI.SUHUR|","|HI.SUHUR|"
"𒡓","|HI×1(N57)|","|HI×1(N57)|, |HI×1(N57)|","|HI×1(N57)|"
"𒡔","|HI×1(N57@t)|","|HI×1(N57@t)|, |HI×1(N57@t)|","|HI×1(N57)|"
"󲐽","|HI×1(N58)|","|HI×1(N58)|, |HI×1(N58)|","|HI×1(N58)|"
"󲐼","|HI×ZATU707~a|","|HI×ZATU707~a|, |HI×ZATU707~a|","|HI×ZATU707|"
"󲉆","|IR~a.GA₂~a1|","|IR~a.GA2~a1|, |IR~a.GA₂~a1|","|IR.GA₂|"
"󲄆","|KA~a.ŠE~a|","|KA~a.ŠE~a|, |KA~a.ŠE~a|","|KA.ŠE|"
"𒡭","|KA~a×SAR~a|","|KA~a×SAR~a|, |KA~a×SAR~a|","|KA×SAR|"
"𒡰","|KA₂~d×LAM~b|","|KA2~d×LAM~b|, |KA₂~d×LAM~b|","|KA₂×LAM|"
"󲑀","|KAB×1(N58)|","|KAB×1(N58)|, |KAB×1(N58)|","|KAB×1(N58)|"
"󲉇","|KAK~a.GA₂~a1|","|KAK~a.GA2~a1|, |KAK~a.GA₂~a1|","|KAK.GA₂|"
"𒢇","|KAŠ~b×ŠE~a@t|","|KAŠ~b×ŠE~a@t|, |KAŠ~b×ŠE~a@t|","|KAŠ×ŠE|"
"𒢌","|KI@n×DUB~a|","|KI@n×DUB~a|, |KI@n×DUB~a|","|KI×DUB|"
"󲉉","|KU₆~a.1(N02)|","|KU6~a.1(N02)|, |KU₆~a.1(N02)|","|KU₆.1(N02)|"
"𒢫","|KU₆~a+KU₆~a|","|KU6~a+KU6~a|, |KU₆~a+KU₆~a|","|KU₆+KU₆|"
"󲉊","|KUR~a.E₂~a|","|KUR~a.E2~a|, |KUR~a.E₂~a|","|KUR.E₂|"
"󲆮","|KUR~a.RU|","|KUR~a.RU|, |KUR~a.RU|","|KUR.RU|"
"󲉌","|KUR~b.E₂~a|","|KUR~b.E2~a|, |KUR~b.E₂~a|","|KUR.E₂|"
"𒢿","|LAGAB~a×(KU₆~a+KU₆~a)|","|LAGAB~a×(KU6~a+KU6~a)|, |LAGAB~a×(KU₆~a+KU₆~a)|","|LAGAB×(KU₆+KU₆)|"
"𒣍","|LAGAB~a×1(N58)|","|LAGAB~a×1(N58)|, |LAGAB~a×1(N58)|","|LAGAB×1(N58)|"
"𒣌","|LAGAB~a×2(N14)|","|LAGAB~a×2(N14)|, |LAGAB~a×2(N14)|","|LAGAB×2(N14)|"
"󲑉","|LAGAB~a×BA|","|LAGAB~a×BA|, |LAGAB~a×BA|","|LAGAB×BA|"
"󲑊","|LAGAB~a×BIR₃~b|","|LAGAB~a×BIR3~b|, |LAGAB~a×BIR₃~b|","|LAGAB×BIR₃|"
"𒢽","|LAGAB~a×DU₆~a|","|LAGAB~a×DU6~a|, |LAGAB~a×DU₆~a|","|LAGAB×DU₆|"
"󲑋","|LAGAB~a×KAK~a|","|LAGAB~a×KAK~a|, |LAGAB~a×KAK~a|","|LAGAB×KAK|"
"𒢾","|LAGAB~a×KU₆~a|","|LAGAB~a×KU6~a|, |LAGAB~a×KU₆~a|","|LAGAB×KU₆|"
"𒣀","|LAGAB~a×KUŠU₂~a@t|","|LAGAB~a×KUŠU2~a@t|, |LAGAB~a×KUŠU₂~a@t|","|LAGAB×KUŠU₂|"
"󲔡","|LAGAB~a×LA₂~a|","|LAGAB~a×LA2~a|, |LAGAB~a×LA₂~a|","|LAGAB×LA₂|"
"󲑌","|LAGAB~a×LAGAB~a|","|LAGAB~a×LAGAB~a|, |LAGAB~a×LAGAB~a|","|LAGAB×LAGAB|"
"𒣁","|LAGAB~a×ME~a|","|LAGAB~a×ME~a|, |LAGAB~a×ME~a|","|LAGAB×ME|"
"󲔠","|LAGAB~a×NI~a|","|LAGAB~a×NI~a|, |LAGAB~a×NI~a|","|LAGAB×NI|"
"𒣂","|LAGAB~a×NUN~b|","|LAGAB~a×NUN~b|, |LAGAB~a×NUN~b|","|LAGAB×NUN|"
"𒣃","|LAGAB~a×PA~a|","|LAGAB~a×PA~a|, |LAGAB~a×PA~a|","|LAGAB×PA|"
"󲑍","|LAGAB~a×SI|","|LAGAB~a×SI|, |LAGAB~a×SI|","|LAGAB×SI|"
"𒣄","|LAGAB~a×SIG₇|","|LAGAB~a×SIG7|, |LAGAB~a×SIG₇|","|LAGAB×SIG₇|"
"𒣅","|LAGAB~a×SU~a|","|LAGAB~a×SU~a|, |LAGAB~a×SU~a|","|LAGAB×SU|"
"𒣆","|LAGAB~a×ŠA|","|LAGAB~a×ŠA|, |LAGAB~a×ŠA|","|LAGAB×ŠA|"
"𒣇","|LAGAB~a×ŠITA~a1|","|LAGAB~a×ŠITA~a1|, |LAGAB~a×ŠITA~a1|","|LAGAB×ŠITA|"
"𒣈","|LAGAB~a×TI|","|LAGAB~a×TI|, |LAGAB~a×TI|","|LAGAB×TI|"
"𒣉","|LAGAB~a×U₄|","|LAGAB~a×U4|, |LAGAB~a×U₄|","|LAGAB×U₄|"
"𒣊","|LAGAB~a×UB|","|LAGAB~a×UB|, |LAGAB~a×UB|","|LAGAB×UB|"
"󲄠","|LAGAB~a×X|","|LAGAB~a×X|, |LAGAB~a×X|","|LAGAB×X|"
"𒣋","|LAGAB~a×ZATU753|","|LAGAB~a×ZATU753|, |LAGAB~a×ZATU753|","|LAGAB×ZATU753|"
"𒣎𒩢","|LAGAB~b.TE|","|LAGAB~b.TE|, |LAGAB~b.TE|","|LAGAB.TE|"
"𒣓","|LAGAB~b&LAGAB~b|","|LAGAB~b&LAGAB~b|, |LAGAB~b&LAGAB~b|","|LAGAB&LAGAB|"
"󲔟","|LAGAB~b×(HI×1(N04))|","|LAGAB~b×(HI×1(N04))|, |LAGAB~b×(HI×1(N04))|","|LAGAB×(HI×1(N04))|"
"󲑎","|LAGAB~b×BANŠUR~a|","|LAGAB~b×BANŠUR~a|, |LAGAB~b×BANŠUR~a|","|LAGAB×BANŠUR|"
"󲑏","|LAGAB~b×GAʾAR~a1|","|LAGAB~b×GAʾAR~a1|, |LAGAB~b×GAʾAR~a1|","|LAGAB×GAʾAR|"
"𒣏","|LAGAB~b×HI|","|LAGAB~b×HI|, |LAGAB~b×HI|","|LAGAB×HI|"
"𒣐","|LAGAB~b×KUR~e|","|LAGAB~b×KUR~e|, |LAGAB~b×KUR~e|","|LAGAB×KUR|"
"𒣑","|LAGAB~b×PA~a|","|LAGAB~b×PA~a|, |LAGAB~b×PA~a|","|LAGAB×PA|"
"󲑐","|LAGAB~b×SUH₃|","|LAGAB~b×SUH3|, |LAGAB~b×SUH₃|","|LAGAB×SUH₃|"
"𒣒","|LAGAB~b×U₄|","|LAGAB~b×U4|, |LAGAB~b×U₄|","|LAGAB×U₄|"
"󲔂","|LAGAB~b×X|","|LAGAB~b×X|, |LAGAB~b×X|","|LAGAB×X|"
"󲑑","|LAL₂~a×EZEN~a|","|LAL2~a×EZEN~a|, |LAL₂~a×EZEN~a|","|LAL₂×EZEN|"
"𒣚","|LAL₂~a×NAGA~a|","|LAL2~a×NAGA~a|, |LAL₂~a×NAGA~a|","|LAL₂×NAGA|"
"𒣛","|LAL₂~a×NIM~b2|","|LAL2~a×NIM~b2|, |LAL₂~a×NIM~b2|","|LAL₂×NIM|"
"󲄩","|LU₂.GAL~a|","|LU2.GAL~a|, |LU₂.GAL~a|","|LU₂.GAL|"
"󲑓","|LU₂×GEŠTU~c3|","|LU2×GEŠTU~c3|, |LU₂×GEŠTU~c3|","|LU₂×GEŠTU|"
"𒣩","|MA×1(N58)|","|MA×1(N58)|, |MA×1(N58)|","|MA×1(N58)|"
"𒣧","|MA×A|","|MA×A|, |MA×A|","|MA×A|"
"𒣨","|MA×MA|","|MA×MA|, |MA×MA|","|MA×MA|"
"𒣳","|MAH~a×(SILA₃~a×UMBIN~a)|","|MAH~a×(SILA3~a×UMBIN~a)|, |MAH~a×(SILA₃~a×UMBIN~a)|","|MAH×(SILA₃×UMBIN)|"
"𒣮","|MAH~a×AB₂|","|MAH~a×AB2|, |MAH~a×AB₂|","|MAH×AB₂|"
"𒣯","|MAH~a×GUKKAL~a|","|MAH~a×GUKKAL~a|, |MAH~a×GUKKAL~a|","|MAH×GUKKAL|"
"𒣰","|MAH~a×KU₆~a|","|MAH~a×KU6~a|, |MAH~a×KU₆~a|","|MAH×KU₆|"
"𒣱","|MAH~a×MAŠ|","|MAH~a×MAŠ|, |MAH~a×MAŠ|","|MAH×MAŠ|"
"𒣲","|MAH~a×NA~a|","|MAH~a×NA~a|, |MAH~a×NA~a|","|MAH×NA|"
"𒣴","|MAH~a×TUG₂~a|","|MAH~a×TUG2~a|, |MAH~a×TUG₂~a|","|MAH×TUG₂|"
"𒣵","|MAH~a×TUN₃~c|","|MAH~a×TUN3~c|, |MAH~a×TUN₃~c|","|MAH×TUN₃|"
"𒣶","|MAH~a×UD₅~a|","|MAH~a×UD5~a|, |MAH~a×UD₅~a|","|MAH×UD₅|"
"𒣷","|MAH~a×UDU~a|","|MAH~a×UDU~a|, |MAH~a×UDU~a|","|MAH×UDU|"
"𒣸","|MAH~a×UR~a|","|MAH~a×UR~a|, |MAH~a×UR~a|","|MAH×UR|"
"𒣹","|MAH~a×UTUA~a|","|MAH~a×UTUA~a|, |MAH~a×UTUA~a|","|MAH×UTUA|"
"󲑔","|MAH~a×X|","|MAH~a×X|, |MAH~a×X|","|MAH×X|"
"𒣺","|MAH~a×ZATU659|","|MAH~a×ZATU659|, |MAH~a×ZATU659|","|MAH×ZATU659|"
"󲑕","|MAH~b×KU₆~a|","|MAH~b×KU6~a|, |MAH~b×KU₆~a|","|MAH×KU₆|"
"󲑖","|MAH~b×MAŠ|","|MAH~b×MAŠ|, |MAH~b×MAŠ|","|MAH×MAŠ|"
"𒣼","|MAH~b×NA~a|","|MAH~b×NA~a|, |MAH~b×NA~a|","|MAH×NA|"
"𒣽","|MAH~b×SAL|","|MAH~b×SAL|, |MAH~b×SAL|","|MAH×SAL|"
"𒤃","|MAR~b×(LAGAB~b.ŠE₃)|","|MAR~b×(LAGAB~b.ŠE3)|, |MAR~b×(LAGAB~b.ŠE₃)|","|MAR×(LAGAB.ŠE₃)|"
"𒤂","|MAR~b×GAR|","|MAR~b×GAR|, |MAR~b×GAR|","|MAR×GAR|"
"𒤄","|MAR~b×ŠE~a|","|MAR~b×ŠE~a|, |MAR~b×ŠE~a|","|MAR×ŠE|"
"󲑗","|MAR~b×X|","|MAR~b×X|, |MAR~b×X|","|MAR×X|"
"󲉎","|MUŠ₃~a.AB~a|","|MUŠ3~a.AB~a|, |MUŠ₃~a.AB~a|","|MUŠ₃.AB|"
"󲉏","|MUŠ₃~a.ERIN|","|MUŠ3~a.ERIN|, |MUŠ₃~a.ERIN|","|MUŠ₃.ERIN|"
"󲉐","|MUŠ₃~a.UNUG~a|","|MUŠ3~a.UNUG~a|, |MUŠ₃~a.UNUG~a|","|MUŠ₃.UNUG|"
"󲔙","|MUŠEN.3(N58)|","|MUŠEN.3(N58)|, |MUŠEN.3(N58)|","|MUŠEN.3(N58)|"
"󲇕","|MUŠEN.ŠE~a|","|MUŠEN.ŠE~a|, |MUŠEN.ŠE~a|","|MUŠEN.ŠE|"
"󲄹","|MUŠEN.UR₃~b2|","|MUŠEN.UR3~b2|, |MUŠEN.UR₃~b2|","|MUŠEN.UR₃|"
"󲔆","|MUŠEN×PAP~a|","|MUŠEN×PAP~a|, |MUŠEN×PAP~a|","|MUŠEN×PAP|"
"𒤱","|NAGA~a×TAK₄~a|","|NAGA~a×TAK4~a|, |NAGA~a×TAK₄~a|","|NAGA×TAK₄|"
"󲉒","|NAGAR~a.BU~a|","|NAGAR~a.BU~a|, |NAGAR~a.BU~a|","|NAGAR.BU|"
"󲉓","|NAGAR~b.BU~a|","|NAGAR~b.BU~a|, |NAGAR~b.BU~a|","|NAGAR.BU|"
"𒤺","|NAM₂×1(N01)|","|NAM2×1(N01)|, |NAM₂×1(N01)|","|NAM₂×1(N01)|"
"󲉔","|NE~a.RU|","|NE~a.RU|, |NE~a.RU|","|NE.RU|"
"󲃢","|NE~c.GI|","|NE~c.GI|, |NE~c.GI|","|NE.GI|"
"󲉕","|NI~a.RU|","|NI~a.RU|, |NI~a.RU|","|NI.RU|"
"𒥉","|NI~b×4(N57)|","|NI~b×4(N57)|, |NI~b×4(N57)|","|NI×4(N57)|"
"𒥊","|NI~b×8(N57)|","|NI~b×8(N57)|, |NI~b×8(N57)|","|NI×8(N57)|"
"󲑜","|NI~b×X|","|NI~b×X|, |NI~b×X|","|NI×X|"
"𒥧","|NINDA₂×(1(N06).HI@g~a)|","|NINDA2×(1(N06).HI@g~a)|, |NINDA₂×(1(N06).HI@g~a)|","|NINDA₂×(1(N06).HI)|"
"𒥔","|NINDA₂×(AN.HI)|","|NINDA2×(AN.HI)|, |NINDA₂×(AN.HI)|","|NINDA₂×(AN.HI)|"
"𒥕","|NINDA₂×(AN.ME~a)|","|NINDA2×(AN.ME~a)|, |NINDA₂×(AN.ME~a)|","|NINDA₂×(AN.ME)|"
"󲑝","|NINDA₂×(AN.X)|","|NINDA2×(AN.X)|, |NINDA₂×(AN.X)|","|NINDA₂×(AN.X)|"
"𒥜","|NINDA₂×(HI.AN.ME~a)|","|NINDA2×(HI.AN.ME~a)|, |NINDA₂×(HI.AN.ME~a)|","|NINDA₂×(HI.AN.ME)|"
"𒥝","|NINDA₂×(HI.ME~a)|","|NINDA2×(HI.ME~a)|, |NINDA₂×(HI.ME~a)|","|NINDA₂×(HI.ME)|"
"󲑟","|NINDA₂×(HI.X)|","|NINDA2×(HI.X)|, |NINDA₂×(HI.X)|","|NINDA₂×(HI.X)|"
"󲑠","|NINDA₂×(U₄.X)|","|NINDA2×(U4.X)|, |NINDA₂×(U₄.X)|","|NINDA₂×(U₄.X)|"
"󲑡","|NINDA₂×(UDU~a×TAR~a)|","|NINDA2×(UDU~a×TAR~a)|, |NINDA₂×(UDU~a×TAR~a)|","|NINDA₂×(UDU×TAR)|"
"󲑢","|NINDA₂×(UDU~a×TAR~b)|","|NINDA2×(UDU~a×TAR~b)|, |NINDA₂×(UDU~a×TAR~b)|","|NINDA₂×(UDU×TAR)|"
"𒥣","|NINDA₂×(ZATU659×1(N01))|","|NINDA2×(ZATU659×1(N01))|, |NINDA₂×(ZATU659×1(N01))|","|NINDA₂×(ZATU659×1(N01))|"
"𒥥","|NINDA₂×1(N01)|","|NINDA2×1(N01)|, |NINDA₂×1(N01)|","|NINDA₂×1(N01)|"
"𒥨","|NINDA₂×1(N08)|","|NINDA2×1(N08)|, |NINDA₂×1(N08)|","|NINDA₂×1(N08)|"
"𒥦","|NINDA₂×2(N01)|","|NINDA2×2(N01)|, |NINDA₂×2(N01)|","|NINDA₂×2(N01)|"
"𒥓","|NINDA₂×AN|","|NINDA2×AN|, |NINDA₂×AN|","|NINDA₂×AN|"
"󲑞","|NINDA₂×BA|","|NINDA2×BA|, |NINDA₂×BA|","|NINDA₂×BA|"
"𒥖","|NINDA₂×EZEN~b|","|NINDA2×EZEN~b|, |NINDA₂×EZEN~b|","|NINDA₂×EZEN|"
"𒥘","|NINDA₂×GAR|","|NINDA2×GAR|, |NINDA₂×GAR|","|NINDA₂×GAR|"
"𒥗","|NINDA₂×GAʾAR~a1|","|NINDA2×GAʾAR~a1|, |NINDA₂×GAʾAR~a1|","|NINDA₂×GAʾAR|"
"𒥙","|NINDA₂×GIŠ|","|NINDA2×GIŠ|, |NINDA₂×GIŠ|","|NINDA₂×GIŠ|"
"𒥚","|NINDA₂×GU₄|","|NINDA2×GU4|, |NINDA₂×GU₄|","|NINDA₂×GU₄|"
"𒥛","|NINDA₂×HI|","|NINDA2×HI|, |NINDA₂×HI|","|NINDA₂×HI|"
"𒥞","|NINDA₂×KAŠ~b|","|NINDA2×KAŠ~b|, |NINDA₂×KAŠ~b|","|NINDA₂×KAŠ|"
"𒥟","|NINDA₂×MAR~a|","|NINDA2×MAR~a|, |NINDA₂×MAR~a|","|NINDA₂×MAR|"
"𒥠","|NINDA₂×MAR~b|","|NINDA2×MAR~b|, |NINDA₂×MAR~b|","|NINDA₂×MAR|"
"𒥡","|NINDA₂×NUN~a|","|NINDA2×NUN~a|, |NINDA₂×NUN~a|","|NINDA₂×NUN|"
"𒥢","|NINDA₂×U₄|","|NINDA2×U4|, |NINDA₂×U₄|","|NINDA₂×U₄|"
"󲑣","|NINDA₂×X|","|NINDA2×X|, |NINDA₂×X|","|NINDA₂×X|"
"𒥤","|NINDA₂×ZATU710|","|NINDA2×ZATU710|, |NINDA₂×ZATU710|","|NINDA₂×ZATU710|"
"𒥪","|NIR~a×AN|","|NIR~a×AN|, |NIR~a×AN|","|NIR×AN|"
"𒥯","|NU₁₁&NU₁₁|","|NU11&NU11|, |NU₁₁&NU₁₁|","|NU₁₁&NU₁₁|"
"󲂄","|NUN~a.ME~a.DU|","|NUN~a.ME~a.DU|, |NUN~a.ME~a.DU|","|NUN.ME.DU|"
"󲂂","|NUN~a.ME~a|","|NUN~a.ME~a|, |NUN~a.ME~a|","|NUN.ME|"
"𒥳","|NUN~a+A|","|NUN~a+A|, |NUN~a+A|","|NUN+A|"
"𒥴","|NUN~a+EN~a|","|NUN~a+EN~a|, |NUN~a+EN~a|","|NUN+EN|"
"𒥵","|NUN~a+EN~b|","|NUN~a+EN~b|, |NUN~a+EN~b|","|NUN+EN|"
"𒥶","|NUN~a+EN~d|","|NUN~a+EN~d|, |NUN~a+EN~d|","|NUN+EN|"
"𒥷","|NUN~a+NAM₂|","|NUN~a+NAM2|, |NUN~a+NAM₂|","|NUN+NAM₂|"
"𒥸𒩿","|NUN~b.U₄|","|NUN~b.U4|, |NUN~b.U₄|","|NUN.U₄|"
"𒥹","|NUN~b+EN~a|","|NUN~b+EN~a|, |NUN~b+EN~a|","|NUN+EN|"
"󲆇","|PA~a.IB~a|","|PA~a.IB~a|, |PA~a.IB~a|","|PA.IB|"
"󲅷","|PA~a.UDU~a|","|PA~a.UDU~a|, |PA~a.UDU~a|","|PA.UDU|"
"󲆊","|PAP~a.IB~a|","|PAP~a.IB~a|, |PAP~a.IB~a|","|PAP.IB|"
"𒦌","|PIRIG~b1+DIN|","|PIRIG~b1+DIN|, |PIRIG~b1+DIN|","|PIRIG+DIN|"
"󲑧","|PIRIG~b1×UR₂|","|PIRIG~b1×UR2|, |PIRIG~b1×UR₂|","|PIRIG×UR₂|"
"𒦙","|SAG+UKKIN~b×1(N57)|","|SAG+UKKIN~b×1(N57)|, |SAG+UKKIN~b×1(N57)|","|SAG+UKKIN×1(N57)|"
"󲑫","|SAG×1(N14)|","|SAG×1(N14)|, |SAG×1(N14)|","|SAG×1(N14)|"
"𒦚","|SAG×GEŠTU~a|","|SAG×GEŠTU~a|, |SAG×GEŠTU~a|","|SAG×GEŠTU|"
"𒦛","|SAG×GEŠTU~b|","|SAG×GEŠTU~b|, |SAG×GEŠTU~b|","|SAG×GEŠTU|"
"󲑪","|SAG×GEŠTU~c|","|SAG×GEŠTU~c|, |SAG×GEŠTU~c|","|SAG×GEŠTU|"
"𒦜","|SAG×MA|","|SAG×MA|, |SAG×MA|","|SAG×MA|"
"𒦝","|SAG×NAM₂|","|SAG×NAM2|, |SAG×NAM₂|","|SAG×NAM₂|"
"󲉗","|SAL.KUR~a|","|SAL.KUR~a|, |SAL.KUR~a|","|SAL.KUR|"
"󲉘","|SAL.LAGAR~a|","|SAL.LAGAR~a|, |SAL.LAGAR~a|","|SAL.LAGAR|"
"󲉙","|SAL.LAM~b|","|SAL.LAM~b|, |SAL.LAM~b|","|SAL.LAM|"
"𒦡𒤈","|SAL.ME~a|","|SAL.ME~a|, |SAL.ME~a|","|SAL.ME|"
"󲉛","|SAL.NAM₂.EZEN~b×ŠE~a@t.NUN~a.SIG₇|","|SAL.NAM2.EZEN~b×ŠE~a@t.NUN~a.SIG7|, |SAL.NAM₂.EZEN~b×ŠE~a@t.NUN~a.SIG₇|","|SAL.NAM₂.EZEN×ŠE.NUN.SIG₇|"
"󲉚","|SAL.NAM₂|","|SAL.NAM2|, |SAL.NAM₂|","|SAL.NAM₂|"
"󲉝","|SAL.SILA₄~c|","|SAL.SILA4~c|, |SAL.SILA₄~c|","|SAL.SILA₄|"
"󲉞","|SAL.ŠU₂|","|SAL.ŠU2|, |SAL.ŠU₂|","|SAL.ŠU₂|"
"󲉟","|SAL.ZATU751~a|","|SAL.ZATU751~a|, |SAL.ZATU751~a|","|SAL.ZATU751|"
"󲉡","|SAL.ZATU751~c|","|SAL.ZATU751~c|, |SAL.ZATU751~c|","|SAL.ZATU751|"
"𒦢","|SAL×1(N58)|","|SAL×1(N58)|, |SAL×1(N58)|","|SAL×1(N58)|"
"𒦨","|SAR~a×ŠE~a|","|SAR~a×ŠE~a|, |SAR~a×ŠE~a|","|SAR×ŠE|"
"𒦭","|SI+AN|","|SI+AN|, |SI+AN|","|SI+AN|"
"𒦴","|SI×1(N58)|","|SI×1(N58)|, |SI×1(N58)|","|SI×1(N58)|"
"𒦮","|SI×EN~a|","|SI×EN~a|, |SI×EN~a|","|SI×EN|"
"𒦯","|SI×GU₄|","|SI×GU4|, |SI×GU₄|","|SI×GU₄|"
"𒦰","|SI×KU~b1|","|SI×KU~b1|, |SI×KU~b1|","|SI×KU|"
"𒦱","|SI×SAL|","|SI×SAL|, |SI×SAL|","|SI×SAL|"
"𒦲","|SI×ŠE₃|","|SI×ŠE3|, |SI×ŠE₃|","|SI×ŠE₃|"
"𒦳","|SI×TUN₃~a|","|SI×TUN3~a|, |SI×TUN₃~a|","|SI×TUN₃|"
"𒧀","|SIG₂~b&SIG₂~b|","|SIG2~b&SIG2~b|, |SIG₂~b&SIG₂~b|","|SIG₂&SIG₂|"
"󲑭","|SIG₂~b×1(N14)|","|SIG2~b×1(N14)|, |SIG₂~b×1(N14)|","|SIG₂×1(N14)|"
"𒧩","|SILA₃~a×(ZATU659.TU~c)|","|SILA3~a×(ZATU659.TU~c)|, |SILA₃~a×(ZATU659.TU~c)|","|SILA₃×(ZATU659.TU)|"
"𒧪","|SILA₃~a×1(N57)|","|SILA3~a×1(N57)|, |SILA₃~a×1(N57)|","|SILA₃×1(N57)|"
"󲑱","|SILA₃~a×1(N58)|","|SILA3~a×1(N58)|, |SILA₃~a×1(N58)|","|SILA₃×1(N58)|"
"𒧋","|SILA₃~a×A|","|SILA3~a×A|, |SILA₃~a×A|","|SILA₃×A|"
"𒧌","|SILA₃~a×AMAR|","|SILA3~a×AMAR|, |SILA₃~a×AMAR|","|SILA₃×AMAR|"
"𒧍","|SILA₃~a×DUG~a|","|SILA3~a×DUG~a|, |SILA₃~a×DUG~a|","|SILA₃×DUG|"
"𒧎","|SILA₃~a×GA~a|","|SILA3~a×GA~a|, |SILA₃~a×GA~a|","|SILA₃×GA|"
"𒧏","|SILA₃~a×GARA₂~a|","|SILA3~a×GARA2~a|, |SILA₃~a×GARA₂~a|","|SILA₃×GARA₂|"
"𒧐","|SILA₃~a×GEŠTU~a|","|SILA3~a×GEŠTU~a|, |SILA₃~a×GEŠTU~a|","|SILA₃×GEŠTU|"
"𒧑","|SILA₃~a×GEŠTU~c3|","|SILA3~a×GEŠTU~c3|, |SILA₃~a×GEŠTU~c3|","|SILA₃×GEŠTU|"
"󲑮","|SILA₃~a×GEŠTU~c5|","|SILA3~a×GEŠTU~c5|, |SILA₃~a×GEŠTU~c5|","|SILA₃×GEŠTU|"
"𒧒","|SILA₃~a×HAŠHUR|","|SILA3~a×HAŠHUR|, |SILA₃~a×HAŠHUR|","|SILA₃×HAŠHUR|"
"󲑯","|SILA₃~a×HI@g~a|","|SILA3~a×HI@g~a|, |SILA₃~a×HI@g~a|","|SILA₃×HI|"
"𒧓","|SILA₃~a×HI|","|SILA3~a×HI|, |SILA₃~a×HI|","|SILA₃×HI|"
"𒧔","|SILA₃~a×IB~a|","|SILA3~a×IB~a|, |SILA₃~a×IB~a|","|SILA₃×IB|"
"𒧕","|SILA₃~a×KAŠ~a|","|SILA3~a×KAŠ~a|, |SILA₃~a×KAŠ~a|","|SILA₃×KAŠ|"
"𒧖","|SILA₃~a×KAŠ~c|","|SILA3~a×KAŠ~c|, |SILA₃~a×KAŠ~c|","|SILA₃×KAŠ|"
"𒧗","|SILA₃~a×KAŠ~d|","|SILA3~a×KAŠ~d|, |SILA₃~a×KAŠ~d|","|SILA₃×KAŠ|"
"𒧘","|SILA₃~a×KU₆~a|","|SILA3~a×KU6~a|, |SILA₃~a×KU₆~a|","|SILA₃×KU₆|"
"𒧙","|SILA₃~a×KUR~a|","|SILA3~a×KUR~a|, |SILA₃~a×KUR~a|","|SILA₃×KUR|"
"𒧚","|SILA₃~a×MA|","|SILA3~a×MA|, |SILA₃~a×MA|","|SILA₃×MA|"
"𒧛","|SILA₃~a×MAŠ|","|SILA3~a×MAŠ|, |SILA₃~a×MAŠ|","|SILA₃×MAŠ|"
"𒧜","|SILA₃~a×MUD₃~b|","|SILA3~a×MUD3~b|, |SILA₃~a×MUD₃~b|","|SILA₃×MUD₃|"
"𒧝","|SILA₃~a×NAGA~a|","|SILA3~a×NAGA~a|, |SILA₃~a×NAGA~a|","|SILA₃×NAGA|"
"𒧞","|SILA₃~a×NI~a|","|SILA3~a×NI~a|, |SILA₃~a×NI~a|","|SILA₃×NI|"
"𒧟","|SILA₃~a×NUN~b|","|SILA3~a×NUN~b|, |SILA₃~a×NUN~b|","|SILA₃×NUN|"
"𒧠","|SILA₃~a×SUHUR|","|SILA3~a×SUHUR|, |SILA₃~a×SUHUR|","|SILA₃×SUHUR|"
"𒧡","|SILA₃~a×SUM~a|","|SILA3~a×SUM~a|, |SILA₃~a×SUM~a|","|SILA₃×SUM|"
"𒧢","|SILA₃~a×SUM~b|","|SILA3~a×SUM~b|, |SILA₃~a×SUM~b|","|SILA₃×SUM|"
"𒧤","|SILA₃~a×ŠE~a@t|","|SILA3~a×ŠE~a@t|, |SILA₃~a×ŠE~a@t|","|SILA₃×ŠE|"
"𒧣","|SILA₃~a×ŠE~a|","|SILA3~a×ŠE~a|, |SILA₃~a×ŠE~a|","|SILA₃×ŠE|"
"𒧥","|SILA₃~a×ŠU|","|SILA3~a×ŠU|, |SILA₃~a×ŠU|","|SILA₃×ŠU|"
"𒧦","|SILA₃~a×ŠU₂|","|SILA3~a×ŠU2|, |SILA₃~a×ŠU₂|","|SILA₃×ŠU₂|"
"󲑰","|SILA₃~a×X|","|SILA3~a×X|, |SILA₃~a×X|","|SILA₃×X|"
"𒧧","|SILA₃~a×ZATU629|","|SILA3~a×ZATU629|, |SILA₃~a×ZATU629|","|SILA₃×ZATU629|"
"𒧨","|SILA₃~a×ZATU646|","|SILA3~a×ZATU646|, |SILA₃~a×ZATU646|","|SILA₃×ZATU646|"
"𒧬","|SILA₃~b×GUG₂|","|SILA3~b×GUG2|, |SILA₃~b×GUG₂|","|SILA₃×GUG₂|"
"𒧭","|SILA₃~b×NAGA~b|","|SILA3~b×NAGA~b|, |SILA₃~b×NAGA~b|","|SILA₃×NAGA|"
"𒧮","|SILA₃~b×NI~a|","|SILA3~b×NI~a|, |SILA₃~b×NI~a|","|SILA₃×NI|"
"𒧯","|SILA₃~b×NI~b|","|SILA3~b×NI~b|, |SILA₃~b×NI~b|","|SILA₃×NI|"
"󲑳","|SILA₃~c×ŠU|","|SILA3~c×ŠU|, |SILA₃~c×ŠU|","|SILA₃×ŠU|"
"𒧰","|SILA₃~c×ZATU687|","|SILA3~c×ZATU687|, |SILA₃~c×ZATU687|","|SILA₃×ZATU687|"
"󲑴","|SILA₃~d×NI~a|","|SILA3~d×NI~a|, |SILA₃~d×NI~a|","|SILA₃×NI|"
"𒧸","|SU~a×1(N58)|","|SU~a×1(N58)|, |SU~a×1(N58)|","|SU×1(N58)|"
"󲈧","|ŠE~a.GAR|","|ŠE~a.GAR|, |ŠE~a.GAR|","|ŠE.GAR|"
"󲉣","|ŠE~a.GUG₂|","|ŠE~a.GUG2|, |ŠE~a.GUG₂|","|ŠE.GUG₂|"
"󲆏","|ŠE~a.KIN₂~c|","|ŠE~a.KIN2~c|, |ŠE~a.KIN₂~c|","|ŠE.KIN₂|"
"󲔞","|ŠE~a.NAM₂|","|ŠE~a.NAM2|, |ŠE~a.NAM₂|","|ŠE.NAM₂|"
"𒨣","|ŠE~a&ŠE~a|","|ŠE~a&ŠE~a|, |ŠE~a&ŠE~a|","|ŠE&ŠE|"
"𒨯","|ŠEN~e×A|","|ŠEN~e×A|, |ŠEN~e×A|","|ŠEN×A|"
"󲉤","|ŠEŠ~a.NA~a|","|ŠEŠ~a.NA~a|, |ŠEŠ~a.NA~a|","|ŠEŠ.NA|"
"󲑻","|ŠITA@g~a×1(N04)|","|ŠITA@g~a×1(N04)|, |ŠITA@g~a×1(N04)|","|ŠITA×1(N04)|"
"𒩄","|ŠITA@g~a×1(N06)|","|ŠITA@g~a×1(N06)|, |ŠITA@g~a×1(N06)|","|ŠITA×1(N06)|"
"󲉥","|ŠITA~a1.MUD₃~a|","|ŠITA~a1.MUD3~a|, |ŠITA~a1.MUD₃~a|","|ŠITA.MUD₃|"
"󲑺","|ŠITA~a1×1(N06)|","|ŠITA~a1×1(N06)|, |ŠITA~a1×1(N06)|","|ŠITA×1(N06)|"
"𒨺","|ŠITA~a1×KAK~a|","|ŠITA~a1×KAK~a|, |ŠITA~a1×KAK~a|","|ŠITA×KAK|"
"𒨻","|ŠITA~a1×ŠU|","|ŠITA~a1×ŠU|, |ŠITA~a1×ŠU|","|ŠITA×ŠU|"
"󲑸","|ŠITA~a1×ŠU₂|","|ŠITA~a1×ŠU2|, |ŠITA~a1×ŠU₂|","|ŠITA×ŠU₂|"
"󲑹","|ŠITA~a1×UDU~a|","|ŠITA~a1×UDU~a|, |ŠITA~a1×UDU~a|","|ŠITA×UDU|"
"𒩀","|ŠITA~b2@g×HI@g~a|","|ŠITA~b2@g×HI@g~a|, |ŠITA~b2@g×HI@g~a|","|ŠITA×HI|"
"𒩂","|ŠITA~b3×NAM₂|","|ŠITA~b3×NAM2|, |ŠITA~b3×NAM₂|","|ŠITA×NAM₂|"
"𒩈","|ŠU&ŠU|","|ŠU&ŠU|, |ŠU&ŠU|","|ŠU&ŠU|"
"𒩇","|ŠU×1(N58)|","|ŠU×1(N58)|, |ŠU×1(N58)|","|ŠU×1(N58)|"
"󲉫","|ŠU₂.(HI×1(N57))&(HI×1(N57))|","|ŠU2.(HI×1(N57))&(HI×1(N57))|, |ŠU₂.(HI×1(N57))&(HI×1(N57))|","|ŠU₂.(HI×1(N57))&(HI×1(N57))|"
"󲉮","|ŠU₂.1(N02)|","|ŠU2.1(N02)|, |ŠU₂.1(N02)|","|ŠU₂.1(N02)|"
"󲉯","|ŠU₂.1(N24)|","|ŠU2.1(N24)|, |ŠU₂.1(N24)|","|ŠU₂.1(N24)|"
"󲉦","|ŠU₂.AN|","|ŠU2.AN|, |ŠU₂.AN|","|ŠU₂.AN|"
"󲉧","|ŠU₂.E₂~a|","|ŠU2.E2~a|, |ŠU₂.E₂~a|","|ŠU₂.E₂|"
"󲉨","|ŠU₂.E₂~b|","|ŠU2.E2~b|, |ŠU₂.E₂~b|","|ŠU₂.E₂|"
"󲆥","|ŠU₂.EN~a|","|ŠU2.EN~a|, |ŠU₂.EN~a|","|ŠU₂.EN|"
"󲉩","|ŠU₂.EN~b|","|ŠU2.EN~b|, |ŠU₂.EN~b|","|ŠU₂.EN|"
"󲉬","|ŠU₂.PAP~a|","|ŠU2.PAP~a|, |ŠU₂.PAP~a|","|ŠU₂.PAP|"
"󲉭","|ŠU₂.URI₃~a|","|ŠU2.URI3~a|, |ŠU₂.URI₃~a|","|ŠU₂.URI₃|"
"󲔝","|ŠU₂×3(N57)|","|ŠU2×3(N57)|, |ŠU₂×3(N57)|","|ŠU₂×3(N57)|"
"𒩎","|ŠUR₂×1(N58)|","|ŠUR2×1(N58)|, |ŠUR₂×1(N58)|","|ŠUR₂×1(N58)|"
"󲑼","|TA~d×MAŠ|","|TA~d×MAŠ|, |TA~d×MAŠ|","|TA×MAŠ|"
"󲉱","|TE.A|","|TE.A|, |TE.A|","|TE.A|"
"󲆷","|TUG₂~a.BAD&BAD|","|TUG2~a.BAD&BAD|, |TUG₂~a.BAD&BAD|","|TUG₂.BAD&BAD|"
"󲉲","|TUR₃~a.5(N57)|","|TUR3~a.5(N57)|, |TUR₃~a.5(N57)|","|TUR₃.5(N57)|"
"󲉵","|U₄.1(N08)|","|U4.1(N08)|, |U₄.1(N08)|","|U₄.1(N08)|"
"󲉽𒕙","|U₄.1(N14).1(N08)|","|U4.1(N14).1(N08)|, |U₄.1(N14).1(N08)|","|U₄.1(N14).1(N08)|"
"󲉾","|U₄.1(N14).3(N08)|","|U4.1(N14).3(N08)|, |U₄.1(N14).3(N08)|","|U₄.1(N14).3(N08)|"
"󲉿","|U₄.1(N14).4(N08)|","|U4.1(N14).4(N08)|, |U₄.1(N14).4(N08)|","|U₄.1(N14).4(N08)|"
"󲊀","|U₄.1(N14).5(N08)|","|U4.1(N14).5(N08)|, |U₄.1(N14).5(N08)|","|U₄.1(N14).5(N08)|"
"󲊁","|U₄.1(N14).8(N08)|","|U4.1(N14).8(N08)|, |U₄.1(N14).8(N08)|","|U₄.1(N14).8(N08)|"
"󲉽","|U₄.1(N14)|","|U4.1(N14)|, |U₄.1(N14)|","|U₄.1(N14)|"
"󲊃","|U₄.1(N24)|","|U4.1(N24)|, |U₄.1(N24)|","|U₄.1(N24)|"
"󲉶","|U₄.2(N08)|","|U4.2(N08)|, |U₄.2(N08)|","|U₄.2(N08)|"
"󲊂","|U₄.2(N14)|","|U4.2(N14)|, |U₄.2(N14)|","|U₄.2(N14)|"
"󲉷","|U₄.3(N08)|","|U4.3(N08)|, |U₄.3(N08)|","|U₄.3(N08)|"
"󲉸","|U₄.4(N08)|","|U4.4(N08)|, |U₄.4(N08)|","|U₄.4(N08)|"
"󲉹","|U₄.5(N08)|","|U4.5(N08)|, |U₄.5(N08)|","|U₄.5(N08)|"
"󲉺","|U₄.6(N08)|","|U4.6(N08)|, |U₄.6(N08)|","|U₄.6(N08)|"
"󲉻","|U₄.7(N08)|","|U4.7(N08)|, |U₄.7(N08)|","|U₄.7(N08)|"
"󲉼","|U₄.8(N08)|","|U4.8(N08)|, |U₄.8(N08)|","|U₄.8(N08)|"
"󲉳","|U₄.AB~b|","|U4.AB~b|, |U₄.AB~b|","|U₄.AB|"
"󲉴","|U₄.ŠU₂|","|U4.ŠU2|, |U₄.ŠU₂|","|U₄.ŠU₂|"
"𒪁","|U₄×(1(N01).1(N24))|","|U4×(1(N01).1(N24))|, |U₄×(1(N01).1(N24))|","|U₄×(1(N01).1(N24))|"
"𒪈","|U₄×(1(N14).1(N01))|","|U4×(1(N14).1(N01))|, |U₄×(1(N14).1(N01))|","|U₄×(1(N14).1(N01))|"
"𒪉","|U₄×(1(N14).2(N01))|","|U4×(1(N14).2(N01))|, |U₄×(1(N14).2(N01))|","|U₄×(1(N14).2(N01))|"
"󲊊","|U₄×(1(N14).3(N01)).1(N14).4(N08)|","|U4×(1(N14).3(N01)).1(N14).4(N08)|, |U₄×(1(N14).3(N01)).1(N14).4(N08)|","|U₄×(1(N14).3(N01)).1(N14).4(N08)|"
"𒪊","|U₄×(1(N14).4(N01))|","|U4×(1(N14).4(N01))|, |U₄×(1(N14).4(N01))|","|U₄×(1(N14).4(N01))|"
"𒪋","|U₄×(1(N14).8(N01))|","|U4×(1(N14).8(N01))|, |U₄×(1(N14).8(N01))|","|U₄×(1(N14).8(N01))|"
"𒪌","|U₄×(2(N14).4(N01))|","|U4×(2(N14).4(N01))|, |U₄×(2(N14).4(N01))|","|U₄×(2(N14).4(N01))|"
"𒪍","|U₄×(3(N14).2(N01))|","|U4×(3(N14).2(N01))|, |U₄×(3(N14).2(N01))|","|U₄×(3(N14).2(N01))|"
"𒪎","|U₄×(3(N14).7(N01))|","|U4×(3(N14).7(N01))|, |U₄×(3(N14).7(N01))|","|U₄×(3(N14).7(N01))|"
"󲒀","|U₄×(X+2(N01))|","|U4×(X+2(N01))|, |U₄×(X+2(N01))|","|U₄×(X+2(N01))|"
"󲊄","|U₄×1(N01).5(N08)|","|U4×1(N01).5(N08)|, |U₄×1(N01).5(N08)|","|U₄×1(N01).5(N08)|"
"𒪀","|U₄×1(N01)|","|U4×1(N01)|, |U₄×1(N01)|","|U₄×1(N01)|"
"𒪇","|U₄×1(N14)|","|U4×1(N14)|, |U₄×1(N14)|","|U₄×1(N14)|"
"𒪏","|U₄×1(N57)|","|U4×1(N57)|, |U₄×1(N57)|","|U₄×1(N57)|"
"𒪘","|U₄×1(N58@t)|","|U4×1(N58@t)|, |U₄×1(N58@t)|","|U₄×1(N58)|"
"𒪗","|U₄×10(N57)|","|U4×10(N57)|, |U₄×10(N57)|","|U₄×10(N57)|"
"󲊆","|U₄×2(N01).2(N14).1(N08)|","|U4×2(N01).2(N14).1(N08)|, |U₄×2(N01).2(N14).1(N08)|","|U₄×2(N01).2(N14).1(N08)|"
"󲊅","|U₄×2(N01).2(N14)|","|U4×2(N01).2(N14)|, |U₄×2(N01).2(N14)|","|U₄×2(N01).2(N14)|"
"󲒂","|U₄×2(N01).X|","|U4×2(N01).X|, |U₄×2(N01).X|","|U₄×2(N01).X|"
"󲒁","|U₄×2(N01)|","|U4×2(N01)|, |U₄×2(N01)|","|U₄×2(N01)|"
"𒪐","|U₄×2(N57)|","|U4×2(N57)|, |U₄×2(N57)|","|U₄×2(N57)|"
"󲊇","|U₄×3(N01).3(N08)|","|U4×3(N01).3(N08)|, |U₄×3(N01).3(N08)|","|U₄×3(N01).3(N08)|"
"𒪂","|U₄×3(N01)|","|U4×3(N01)|, |U₄×3(N01)|","|U₄×3(N01)|"
"𒪑","|U₄×3(N57)|","|U4×3(N57)|, |U₄×3(N57)|","|U₄×3(N57)|"
"󲊈","|U₄×4(N01).2(N14)|","|U4×4(N01).2(N14)|, |U₄×4(N01).2(N14)|","|U₄×4(N01).2(N14)|"
"𒪃","|U₄×4(N01)|","|U4×4(N01)|, |U₄×4(N01)|","|U₄×4(N01)|"
"𒪒","|U₄×4(N57)|","|U4×4(N57)|, |U₄×4(N57)|","|U₄×4(N57)|"
"󲊉","|U₄×5(N01).1(N14)|","|U4×5(N01).1(N14)|, |U₄×5(N01).1(N14)|","|U₄×5(N01).1(N14)|"
"𒪄","|U₄×5(N01)|","|U4×5(N01)|, |U₄×5(N01)|","|U₄×5(N01)|"
"𒪓","|U₄×5(N57)|","|U4×5(N57)|, |U₄×5(N57)|","|U₄×5(N57)|"
"𒪅","|U₄×6(N01)|","|U4×6(N01)|, |U₄×6(N01)|","|U₄×6(N01)|"
"𒪔","|U₄×6(N57)|","|U4×6(N57)|, |U₄×6(N57)|","|U₄×6(N57)|"
"𒪕","|U₄×7(N57)|","|U4×7(N57)|, |U₄×7(N57)|","|U₄×7(N57)|"
"󲒃","|U₄×8(N01).X|","|U4×8(N01).X|, |U₄×8(N01).X|","|U₄×8(N01).X|"
"𒪆","|U₄×8(N01)|","|U4×8(N01)|, |U₄×8(N01)|","|U₄×8(N01)|"
"𒪖","|U₄×8(N57)|","|U4×8(N57)|, |U₄×8(N57)|","|U₄×8(N57)|"
"󲒄","|U₄×N(N01)|","|U4×N(N01)|, |U₄×N(N01)|","|U₄×N(N01)|"
"󲑿","|U₄×X|","|U4×X|, |U₄×X|","|U₄×X|"
"𒪛","|U₈×TAR~b|","|U8×TAR~b|, |U₈×TAR~b|","|U₈×TAR|"
"𒪥","|UDU~a×TAR~a|","|UDU~a×TAR~a|, |UDU~a×TAR~a|","|UDU×TAR|"
"𒪦","|UDU~a×TAR~b|","|UDU~a×TAR~b|, |UDU~a×TAR~b|","|UDU×TAR|"
"󲄎","|UKKIN~a.GAL~a|","|UKKIN~a.GAL~a|, |UKKIN~a.GAL~a|","|UKKIN.GAL|"
"𒪱","|UKKIN~b×(DIN.1(N01))|","|UKKIN~b×(DIN.1(N01))|, |UKKIN~b×(DIN.1(N01))|","|UKKIN×(DIN.1(N01))|"
"𒪴","|UKKIN~b×2(N01)|","|UKKIN~b×2(N01)|, |UKKIN~b×2(N01)|","|UKKIN×2(N01)|"
"𒪵","|UKKIN~b×3(N01)|","|UKKIN~b×3(N01)|, |UKKIN~b×3(N01)|","|UKKIN×3(N01)|"
"𒪶","|UKKIN~b×5(N01)|","|UKKIN~b×5(N01)|, |UKKIN~b×5(N01)|","|UKKIN×5(N01)|"
"𒪰","|UKKIN~b×DIN|","|UKKIN~b×DIN|, |UKKIN~b×DIN|","|UKKIN×DIN|"
"𒪲","|UKKIN~b×HI@g~a|","|UKKIN~b×HI@g~a|, |UKKIN~b×HI@g~a|","|UKKIN×HI|"
"𒪳","|UKKIN~b×NI~a|","|UKKIN~b×NI~a|, |UKKIN~b×NI~a|","|UKKIN×NI|"
"󲒈","|UKKIN~b×X|","|UKKIN~b×X|, |UKKIN~b×X|","|UKKIN×X|"
"𒪾","|UNUG~a×A@t|","|UNUG~a×A@t|, |UNUG~a×A@t|","|UNUG×A|"
"󲒉","|UR~a×KAR₂~b|","|UR~a×KAR2~b|, |UR~a×KAR₂~b|","|UR×KAR₂|"
"𒫈","|UR₂×1(N57)|","|UR2×1(N57)|, |UR₂×1(N57)|","|UR₂×1(N57)|"
"𒫇","|UR₂×TAR~c|","|UR2×TAR~c|, |UR₂×TAR~c|","|UR₂×TAR|"
"󲒊","|UR₃~b1×MAŠ|","|UR3~b1×MAŠ|, |UR₃~b1×MAŠ|","|UR₃×MAŠ|"
"󲊋","|URI₃~a.AB~a|","|URI3~a.AB~a|, |URI₃~a.AB~a|","|URI₃.AB|"
"󲅅","|URI₃~a.NA~a|","|URI3~a.NA~a|, |URI₃~a.NA~a|","|URI₃.NA|"
"𒫜","|URU~a1×3(N57)|","|URU~a1×3(N57)|, |URU~a1×3(N57)|","|URU×3(N57)|"
"𒫗","|URU~a1×AMAR|","|URU~a1×AMAR|, |URU~a1×AMAR|","|URU×AMAR|"
"󲒋","|URU~a1×GU₄|","|URU~a1×GU4|, |URU~a1×GU₄|","|URU×GU₄|"
"𒫘","|URU~a1×HI@g~a|","|URU~a1×HI@g~a|, |URU~a1×HI@g~a|","|URU×HI|"
"𒫙","|URU~a1×KI|","|URU~a1×KI|, |URU~a1×KI|","|URU×KI|"
"𒫚","|URU~a1×NIMGIR|","|URU~a1×NIMGIR|, |URU~a1×NIMGIR|","|URU×NIMGIR|"
"𒫛","|URU~a1×U₄|","|URU~a1×U4|, |URU~a1×U₄|","|URU×U₄|"
"󲒌","|URU~a1×X|","|URU~a1×X|, |URU~a1×X|","|URU×X|"
"𒫞","|URU~a2×1(N58)|","|URU~a2×1(N58)|, |URU~a2×1(N58)|","|URU×1(N58)|"
"𒫟","|URU~a3×KALAM~a|","|URU~a3×KALAM~a|, |URU~a3×KALAM~a|","|URU×KALAM|"
"󲃼","|UŠ~a.KUR~a|","|UŠ~a.KUR~a|, |UŠ~a.KUR~a|","|UŠ.KUR|"
"𒫪","|UŠ~a&UŠ~a|","|UŠ~a&UŠ~a|, |UŠ~a&UŠ~a|","|UŠ&UŠ|"
"𒫭","|UŠ~b&UŠ~b|","|UŠ~b&UŠ~b|, |UŠ~b&UŠ~b|","|UŠ&UŠ|"
"𒫬","|UŠ~b×TAR~c|","|UŠ~b×TAR~c|, |UŠ~b×TAR~c|","|UŠ×TAR|"
"󲓋","|X(N57).GAR|","|X(N57).GAR|, |X(N57).GAR|","|X(N57).GAR|"
"󲒔","|ZATU644~a×1(N14)|","|ZATU644~a×1(N14)|, |ZATU644~a×1(N14)|","|ZATU644×1(N14)|"
"𒬨","|ZATU651×AN|","|ZATU651×AN|, |ZATU651×AN|","|ZATU651×AN|"
"𒬩","|ZATU651×EN~a|","|ZATU651×EN~a|, |ZATU651×EN~a|","|ZATU651×EN|"
"𒬪","|ZATU651×GAR|","|ZATU651×GAR|, |ZATU651×GAR|","|ZATU651×GAR|"
"𒬫","|ZATU651×MA|","|ZATU651×MA|, |ZATU651×MA|","|ZATU651×MA|"
"𒬬","|ZATU651×NUN~a|","|ZATU651×NUN~a|, |ZATU651×NUN~a|","|ZATU651×NUN|"
"󲒗","|ZATU651×ŠE~a|","|ZATU651×ŠE~a|, |ZATU651×ŠE~a|","|ZATU651×ŠE|"
"󲒖","|ZATU651×X|","|ZATU651×X|, |ZATU651×X|","|ZATU651×X|"
"𒬭","|ZATU651×ZAR~c|","|ZATU651×ZAR~c|, |ZATU651×ZAR~c|","|ZATU651×ZAR|"
"𒬰","|ZATU659×1(N01)|","|ZATU659×1(N01)|, |ZATU659×1(N01)|","|ZATU659×1(N01)|"
"𒬱","|ZATU659×1(N14)|","|ZATU659×1(N14)|, |ZATU659×1(N14)|","|ZATU659×1(N14)|"
"𒬲","|ZATU659×1(N58@t)|","|ZATU659×1(N58@t)|, |ZATU659×1(N58@t)|","|ZATU659×1(N58)|"
"𒬴","|ZATU662×1(N14)|","|ZATU662×1(N14)|, |ZATU662×1(N14)|","|ZATU662×1(N14)|"
"𒭴","|ZATU711×HI@g~a|","|ZATU711×HI@g~a|, |ZATU711×HI@g~a|","|ZATU711×HI|"
"󲒝","|ZATU711×X|","|ZATU711×X|, |ZATU711×X|","|ZATU711×X|"
"󲊎","|ZATU714.RU|","|ZATU714.RU|, |ZATU714.RU|","|ZATU714.RU|"
"𒭷","|ZATU714×HI@g~a|","|ZATU714×HI@g~a|, |ZATU714×HI@g~a|","|ZATU714×HI|"
"󲒞","|ZATU714×X|","|ZATU714×X|, |ZATU714×X|","|ZATU714×X|"
"󲔚","|ZATU737@t×PAP~a|","|ZATU737@t×PAP~a|, |ZATU737@t×PAP~a|","|ZATU737×PAP|"
"𒮏","|ZATU737×AB~a|","|ZATU737×AB~a|, |ZATU737×AB~a|","|ZATU737×AB|"
"𒮐","|ZATU737×BU~a|","|ZATU737×BU~a|, |ZATU737×BU~a|","|ZATU737×BU|"
"𒮑","|ZATU737×BUR~a|","|ZATU737×BUR~a|, |ZATU737×BUR~a|","|ZATU737×BUR|"
"𒮒","|ZATU737×DI|","|ZATU737×DI|, |ZATU737×DI|","|ZATU737×DI|"
"󲒡","|ZATU737×E~a|","|ZATU737×E~a|, |ZATU737×E~a|","|ZATU737×E|"
"𒮓","|ZATU737×EN~a|","|ZATU737×EN~a|, |ZATU737×EN~a|","|ZATU737×EN|"
"𒮔","|ZATU737×EN~b|","|ZATU737×EN~b|, |ZATU737×EN~b|","|ZATU737×EN|"
"𒮕","|ZATU737×GAR|","|ZATU737×GAR|, |ZATU737×GAR|","|ZATU737×GAR|"
"󲔛","|ZATU737×I|","|ZATU737×I|, |ZATU737×I|","|ZATU737×I|"
"𒮖","|ZATU737×NI~a@g|","|ZATU737×NI~a@g|, |ZATU737×NI~a@g|","|ZATU737×NI|"
"𒮗","|ZATU737×NIMGIR|","|ZATU737×NIMGIR|, |ZATU737×NIMGIR|","|ZATU737×NIMGIR|"
"𒮘","|ZATU737×SAL|","|ZATU737×SAL|, |ZATU737×SAL|","|ZATU737×SAL|"
"𒮙","|ZATU737×SU~a|","|ZATU737×SU~a|, |ZATU737×SU~a|","|ZATU737×SU|"
"𒮚","|ZATU737×ŠE~a|","|ZATU737×ŠE~a|, |ZATU737×ŠE~a|","|ZATU737×ŠE|"
"𒮛","|ZATU737×ŠITA~a1|","|ZATU737×ŠITA~a1|, |ZATU737×ŠITA~a1|","|ZATU737×ŠITA|"
"𒮜","|ZATU737×U₄|","|ZATU737×U4|, |ZATU737×U₄|","|ZATU737×U₄|"
"𒮝","|ZATU737×UNUG~a|","|ZATU737×UNUG~a|, |ZATU737×UNUG~a|","|ZATU737×UNUG|"
"󲒢","|ZATU737×X|","|ZATU737×X|, |ZATU737×X|","|ZATU737×X|"
"󲒥","|ZATU759@t×X|","|ZATU759@t×X|, |ZATU759@t×X|","|ZATU759×X|"
"𒮯","|ZATU759×(KU₆~a+KU₆~a)|","|ZATU759×(KU6~a+KU6~a)|, |ZATU759×(KU₆~a+KU₆~a)|","|ZATU759×(KU₆+KU₆)|"
"𒮮","|ZATU759×KU₆~a|","|ZATU759×KU6~a|, |ZATU759×KU₆~a|","|ZATU759×KU₆|"
"󲒣","|ZATU759×KU₆~d|","|ZATU759×KU6~d|, |ZATU759×KU₆~d|","|ZATU759×KU₆|"
"󲒤","|ZATU759×X|","|ZATU759×X|, |ZATU759×X|","|ZATU759×X|"
"𒮱","|ZATU762~a×NIM~a|","|ZATU762~a×NIM~a|, |ZATU762~a×NIM~a|","|ZATU762×NIM|"
"𒮳","|ZATU762~b×AB~a|","|ZATU762~b×AB~a|, |ZATU762~b×AB~a|","|ZATU762×AB|"
"𒕐","1(N01)","1(N01), 1(N01)","1(N01)"
"𒙌","1(N01@f)","1(N01@f), 1(N01@f)","1(N01)"
"𒖉","1(N01@r)","1(N01@r), 1(N01@r)","1(N01)"
"𒖾","1(N02)","1(N02), 1(N02)","1(N02)"
"𒗯","1(N03)","1(N03), 1(N03)","1(N03)"
"𒘆","1(N04)","1(N04), 1(N04)","1(N04)"
"𒘱","1(N05)","1(N05), 1(N05)","1(N05)"
"𒗑","1(N06)","1(N06), 1(N06)","1(N06)"
"𒙆","1(N07A)","1(N07A), 1(N07A)","1(N07A)"
"𒙉","1(N07B)","1(N07B), 1(N07B)","1(N07B)"
"𒕙","1(N08)","1(N08), 1(N08)","1(N08)"
"󰃵","1(N08~b)","1(N08~b), 1(N08~b)","1(N08)"
"󲔷","1(N08)","1(N08), 1(N08)","1(N08)"
"𒙃","1(N09)","1(N09), 1(N09)","1(N09)"
"𒙄","1(N11)","1(N11), 1(N11)","1(N11)"
"𒙅","1(N12)","1(N12), 1(N12)","1(N12)"
"𒕢","1(N14)","1(N14), 1(N14)","1(N14)"
"𒙖","1(N14@f)","1(N14@f), 1(N14@f)","1(N14)"
"𒗇","1(N15)","1(N15), 1(N15)","1(N15)"
"󰃻","1(N16)","1(N16), 1(N16)","1(N16)"
"󰃼","1(N17)","1(N17), 1(N17)","1(N17)"
"𒗴","1(N18)","1(N18), 1(N18)","1(N18)"
"𒘋","1(N19)","1(N19), 1(N19)","1(N19)"
"𒘶","1(N20)","1(N20), 1(N20)","1(N20)"
"𒖌","1(N22)","1(N22), 1(N22)","1(N22)"
"󰃽","1(N22)","1(N22), 1(N22)","1(N22)"
"󰃾","1(N23)","1(N23), 1(N23)","1(N23)"
"𒖪","1(N24)","1(N24), 1(N24)","1(N24)"
"󰄆","1(N24@f)","1(N24@f), 1(N24@f)","1(N24)"
"𒗪","1(N24A)","1(N24A), 1(N24A)","1(N24A)"
"𒗾","1(N24B)","1(N24B), 1(N24B)","1(N24B)"
"𒘣","1(N25)","1(N25), 1(N25)","1(N25)"
"𒖫","1(N26)","1(N26), 1(N26)","1(N26)"
"𒗿","1(N26B)","1(N26B), 1(N26B)","1(N26B)"
"𒘤","1(N27)","1(N27), 1(N27)","1(N27)"
"𒖬","1(N28)","1(N28), 1(N28)","1(N28)"
"𒘀","1(N28B)","1(N28B), 1(N28B)","1(N28B)"
"𒘥","1(N28C)","1(N28C), 1(N28C)","1(N28C)"
"𒖭","1(N29A)","1(N29A), 1(N29A)","1(N29A)"
"𒘁","1(N29AB)","1(N29AB), 1(N29AB)","1(N29AB)"
"𒘦","1(N29AC)","1(N29AC), 1(N29AC)","1(N29AC)"
"𒖮","1(N29B)","1(N29B), 1(N29B)","1(N29B)"
"𒖯","1(N30A)","1(N30A), 1(N30A)","1(N30A)"
"𒘧","1(N30AC)","1(N30AC), 1(N30AC)","1(N30AC)"
"󰄋","1(N30B)","1(N30B), 1(N30B)","1(N30B)"
"𒖰","1(N30C)","1(N30C), 1(N30C)","1(N30C)"
"󲔸","1(N30CA)","1(N30CA), 1(N30CA)","1(N30CA)"
"𒘨","1(N30CC)","1(N30CC), 1(N30CC)","1(N30CC)"
"𒖱","1(N30D)","1(N30D), 1(N30D)","1(N30D)"
"𒖲","1(N30E)","1(N30E), 1(N30E)","1(N30E)"
"𒖳","1(N31)","1(N31), 1(N31)","1(N31)"
"𒖴","1(N32)","1(N32), 1(N32)","1(N32)"
"𒖵","1(N33)","1(N33), 1(N33)","1(N33)"
"𒕫","1(N34)","1(N34), 1(N34)","1(N34)"
"𒙟","1(N34@f)","1(N34@f), 1(N34@f)","1(N34)"
"𒗌","1(N35)","1(N35), 1(N35)","1(N35)"
"𒘖","1(N36)","1(N36), 1(N36)","1(N36)"
"𒙁","1(N37)","1(N37), 1(N37)","1(N37)"
"𒗟","1(N38)","1(N38), 1(N38)","1(N38)"
"𒖶","1(N39A)","1(N39A), 1(N39A)","1(N39A)"
"𒖺","1(N39B)","1(N39B), 1(N39B)","1(N39B)"
"𒗫","1(N40)","1(N40), 1(N40)","1(N40)"
"𒘂","1(N41)","1(N41), 1(N41)","1(N41)"
"𒘩","1(N42A)","1(N42A), 1(N42A)","1(N42A)"
"󰄍","1(N43)","1(N43), 1(N43)","1(N43)"
"󰃡","1(N44)","1(N44), 1(N44)","1(N44)"
"𒕹","1(N45)","1(N45), 1(N45)","1(N45)"
"𒗽","1(N45A)","1(N45A), 1(N45A)","1(N45A)"
"𒘔","1(N46)","1(N46), 1(N46)","1(N46)"
"𒘿","1(N47)","1(N47), 1(N47)","1(N47)"
"𒕴","1(N48)","1(N48), 1(N48)","1(N48)"
"𒘟","1(N49)","1(N49), 1(N49)","1(N49)"
"𒖂","1(N50)","1(N50), 1(N50)","1(N50)"
"𒖚","1(N51)","1(N51), 1(N51)","1(N51)"
"𒗠","1(N52)","1(N52), 1(N52)","1(N52)"
"𒖣","1(N54)","1(N54), 1(N54)","1(N54)"
"󰃯","1(N55)","1(N55), 1(N55)","1(N55)"
"𒯬","1(N57)","1(N57), 1(N57)","1(N57)"
"𒯶","1(N58)","1(N58), 1(N58)","1(N58)"
"𒯿","1(N58@t)","1(N58@t), 1(N58@t)","1(N58)"
"󰄤","1(N59)","1(N59), 1(N59)","1(N59)"
"𒗩","1(N60)","1(N60), 1(N60)","1(N60)"
"󰄫","1(N63)","1(N63), 1(N63)","1(N63)"
"󰃚","10(N01)","10(N01), 10(N01)","10(N01)"
"󰃛","10(N14)","10(N14), 10(N14)","10(N14)"
"𒯵","10(N57)","10(N57), 10(N57)","10(N57)"
"𒯽","10(N58)","10(N58), 10(N58)","10(N58)"
"󰃜","11(N14)","11(N14), 11(N14)","11(N14)"
"󰃝","12(N14)","12(N14), 12(N14)","12(N14)"
"𒯾","12(N58)","12(N58), 12(N58)","12(N58)"
"𒯨","2(LAGAB~a)","2(LAGAB~a), 2(LAGAB~a)","2(LAGAB)"
"𒕑","2(N01)","2(N01), 2(N01)","2(N01)"
"𒙍","2(N01@f)","2(N01@f), 2(N01@f)","2(N01)"
"𒖿","2(N02)","2(N02), 2(N02)","2(N02)"
"𒗰","2(N03)","2(N03), 2(N03)","2(N03)"
"𒘇","2(N04)","2(N04), 2(N04)","2(N04)"
"𒘲","2(N05)","2(N05), 2(N05)","2(N05)"
"𒙇","2(N07A)","2(N07A), 2(N07A)","2(N07A)"
"𒙊","2(N07B)","2(N07B), 2(N07B)","2(N07B)"
"𒕚","2(N08)","2(N08), 2(N08)","2(N08)"
"󰃶","2(N08~b)","2(N08~b), 2(N08~b)","2(N08)"
"𒕣","2(N14)","2(N14), 2(N14)","2(N14)"
"𒗈","2(N15)","2(N15), 2(N15)","2(N15)"
"𒗵","2(N18)","2(N18), 2(N18)","2(N18)"
"𒘌","2(N19)","2(N19), 2(N19)","2(N19)"
"𒘷","2(N20)","2(N20), 2(N20)","2(N20)"
"𒗛","2(N21)","2(N21), 2(N21)","2(N21)"
"𒖍","2(N22)","2(N22), 2(N22)","2(N22)"
"󰃿","2(N23)","2(N23), 2(N23)","2(N23)"
"󰄇","2(N29A)","2(N29A), 2(N29A)","2(N29A)"
"󰄊","2(N29AB)","2(N29AB), 2(N29AB)","2(N29AB)"
"𒕬","2(N34)","2(N34), 2(N34)","2(N34)"
"𒗍","2(N35)","2(N35), 2(N35)","2(N35)"
"𒘗","2(N36)","2(N36), 2(N36)","2(N36)"
"𒙂","2(N37)","2(N37), 2(N37)","2(N37)"
"𒖷","2(N39A)","2(N39A), 2(N39A)","2(N39A)"
"𒖻","2(N39B)","2(N39B), 2(N39B)","2(N39B)"
"𒗬","2(N40)","2(N40), 2(N40)","2(N40)"
"𒘃","2(N41)","2(N41), 2(N41)","2(N41)"
"𒘪","2(N42A)","2(N42A), 2(N42A)","2(N42A)"
"𒘮","2(N42B)","2(N42B), 2(N42B)","2(N42B)"
"𒕺","2(N45)","2(N45), 2(N45)","2(N45)"
"𒘕","2(N46)","2(N46), 2(N46)","2(N46)"
"𒙀","2(N47)","2(N47), 2(N47)","2(N47)"
"𒕵","2(N48)","2(N48), 2(N48)","2(N48)"
"𒘠","2(N49)","2(N49), 2(N49)","2(N49)"
"𒖃","2(N50)","2(N50), 2(N50)","2(N50)"
"𒖛","2(N51)","2(N51), 2(N51)","2(N51)"
"𒗡","2(N52)","2(N52), 2(N52)","2(N52)"
"𒖤","2(N54)","2(N54), 2(N54)","2(N54)"
"𒖩","2(N56)","2(N56), 2(N56)","2(N56)"
"𒯭","2(N57)","2(N57), 2(N57)","2(N57)"
"𒯷","2(N58)","2(N58), 2(N58)","2(N58)"
"󰄥","2(N59)","2(N59), 2(N59)","2(N59)"
"󰃞","22(N14)","22(N14), 22(N14)","22(N14)"
"𒯩","3(LAGAB~a)","3(LAGAB~a), 3(LAGAB~a)","3(LAGAB)"
"𒕒","3(N01)","3(N01), 3(N01)","3(N01)"
"𒙎","3(N01@f)","3(N01@f), 3(N01@f)","3(N01)"
"𒗀","3(N02)","3(N02), 3(N02)","3(N02)"
"𒗱","3(N03)","3(N03), 3(N03)","3(N03)"
"𒘈","3(N04)","3(N04), 3(N04)","3(N04)"
"𒘳","3(N05)","3(N05), 3(N05)","3(N05)"
"𒙈","3(N07A)","3(N07A), 3(N07A)","3(N07A)"
"𒙋","3(N07B)","3(N07B), 3(N07B)","3(N07B)"
"𒕛","3(N08)","3(N08), 3(N08)","3(N08)"
"󰃷","3(N08~b)","3(N08~b), 3(N08~b)","3(N08)"
"𒕤","3(N14)","3(N14), 3(N14)","3(N14)"
"𒙘","3(N14@f)","3(N14@f), 3(N14@f)","3(N14)"
"𒗉","3(N15)","3(N15), 3(N15)","3(N15)"
"𒗶","3(N18)","3(N18), 3(N18)","3(N18)"
"𒘍","3(N19)","3(N19), 3(N19)","3(N19)"
"𒘸","3(N20)","3(N20), 3(N20)","3(N20)"
"𒗜","3(N21)","3(N21), 3(N21)","3(N21)"
"󰄀","3(N23)","3(N23), 3(N23)","3(N23)"
"𒕭","3(N34)","3(N34), 3(N34)","3(N34)"
"𒘘","3(N36)","3(N36), 3(N36)","3(N36)"
"𒖸","3(N39A)","3(N39A), 3(N39A)","3(N39A)"
"𒖼","3(N39B)","3(N39B), 3(N39B)","3(N39B)"
"𒗭","3(N40)","3(N40), 3(N40)","3(N40)"
"𒘄","3(N41)","3(N41), 3(N41)","3(N41)"
"𒘫","3(N42A)","3(N42A), 3(N42A)","3(N42A)"
"𒕻","3(N45)","3(N45), 3(N45)","3(N45)"
"󰃩","3(N46)","3(N46), 3(N46)","3(N46)"
"󰃪","3(N47)","3(N47), 3(N47)","3(N47)"
"𒕶","3(N48)","3(N48), 3(N48)","3(N48)"
"𒘡","3(N49)","3(N49), 3(N49)","3(N49)"
"𒖄","3(N50)","3(N50), 3(N50)","3(N50)"
"𒖜","3(N51)","3(N51), 3(N51)","3(N51)"
"𒗢","3(N52)","3(N52), 3(N52)","3(N52)"
"󰃮","3(N53)","3(N53), 3(N53)","3(N53)"
"𒖥","3(N54)","3(N54), 3(N54)","3(N54)"
"𒯮","3(N57)","3(N57), 3(N57)","3(N57)"
"𒯸","3(N58)","3(N58), 3(N58)","3(N58)"
"󰄦","3(N59)","3(N59), 3(N59)","3(N59)"
"󰄩","3(N61)","3(N61), 3(N61)","3(N61)"
"𒯪","4(LAGAB~a)","4(LAGAB~a), 4(LAGAB~a)","4(LAGAB)"
"𒕓","4(N01)","4(N01), 4(N01)","4(N01)"
"𒙏","4(N01@f)","4(N01@f), 4(N01@f)","4(N01)"
"𒗁","4(N02)","4(N02), 4(N02)","4(N02)"
"𒗲","4(N03)","4(N03), 4(N03)","4(N03)"
"𒘉","4(N04)","4(N04), 4(N04)","4(N04)"
"𒘴","4(N05)","4(N05), 4(N05)","4(N05)"
"𒕜","4(N08)","4(N08), 4(N08)","4(N08)"
"󰃸","4(N08~b)","4(N08~b), 4(N08~b)","4(N08)"
"󰃹","4(N08~c)","4(N08~c), 4(N08~c)","4(N08)"
"𒕥","4(N14)","4(N14), 4(N14)","4(N14)"
"𒗊","4(N15)","4(N15), 4(N15)","4(N15)"
"𒗷","4(N18)","4(N18), 4(N18)","4(N18)"
"𒘎","4(N19)","4(N19), 4(N19)","4(N19)"
"𒘹","4(N20)","4(N20), 4(N20)","4(N20)"
"𒗝","4(N21)","4(N21), 4(N21)","4(N21)"
"𒕮","4(N34)","4(N34), 4(N34)","4(N34)"
"𒘙","4(N36)","4(N36), 4(N36)","4(N36)"
"𒖹","4(N39A)","4(N39A), 4(N39A)","4(N39A)"
"𒖽","4(N39B)","4(N39B), 4(N39B)","4(N39B)"
"𒗮","4(N40)","4(N40), 4(N40)","4(N40)"
"𒘅","4(N41)","4(N41), 4(N41)","4(N41)"
"𒘬","4(N42A)","4(N42A), 4(N42A)","4(N42A)"
"󰄎","4(N43)","4(N43), 4(N43)","4(N43)"
"𒕼","4(N45)","4(N45), 4(N45)","4(N45)"
"𒕷","4(N48)","4(N48), 4(N48)","4(N48)"
"𒘢","4(N49)","4(N49), 4(N49)","4(N49)"
"𒖅","4(N50)","4(N50), 4(N50)","4(N50)"
"𒖝","4(N51)","4(N51), 4(N51)","4(N51)"
"𒗣","4(N52)","4(N52), 4(N52)","4(N52)"
"𒯯","4(N57)","4(N57), 4(N57)","4(N57)"
"𒯹","4(N58)","4(N58), 4(N58)","4(N58)"
"󰄧","4(N59)","4(N59), 4(N59)","4(N59)"
"󰄪","4(N62)","4(N62), 4(N62)","4(N62)"
"𒕔","5(N01)","5(N01), 5(N01)","5(N01)"
"𒙐","5(N01@f)","5(N01@f), 5(N01@f)","5(N01)"
"𒗂","5(N02)","5(N02), 5(N02)","5(N02)"
"𒗳","5(N03)","5(N03), 5(N03)","5(N03)"
"𒘊","5(N04)","5(N04), 5(N04)","5(N04)"
"𒘵","5(N05)","5(N05), 5(N05)","5(N05)"
"𒕝","5(N08)","5(N08), 5(N08)","5(N08)"
"𒕦","5(N14)","5(N14), 5(N14)","5(N14)"
"𒗋","5(N15)","5(N15), 5(N15)","5(N15)"
"𒗸","5(N18)","5(N18), 5(N18)","5(N18)"
"𒘏","5(N19)","5(N19), 5(N19)","5(N19)"
"𒘺","5(N20)","5(N20), 5(N20)","5(N20)"
"𒗞","5(N21)","5(N21), 5(N21)","5(N21)"
"󰄁","5(N23)","5(N23), 5(N23)","5(N23)"
"𒕯","5(N34)","5(N34), 5(N34)","5(N34)"
"𒗐","5(N35)","5(N35), 5(N35)","5(N35)"
"𒘚","5(N36)","5(N36), 5(N36)","5(N36)"
"𒕽","5(N45)","5(N45), 5(N45)","5(N45)"
"𒕸","5(N48)","5(N48), 5(N48)","5(N48)"
"𒖆","5(N50)","5(N50), 5(N50)","5(N50)"
"𒖞","5(N51)","5(N51), 5(N51)","5(N51)"
"𒗤","5(N52)","5(N52), 5(N52)","5(N52)"
"𒖧","5(N54)","5(N54), 5(N54)","5(N54)"
"𒯰","5(N57)","5(N57), 5(N57)","5(N57)"
"𒯺","5(N58)","5(N58), 5(N58)","5(N58)"
"𒯫","6(LAGAB~a)","6(LAGAB~a), 6(LAGAB~a)","6(LAGAB)"
"𒕕","6(N01)","6(N01), 6(N01)","6(N01)"
"𒙑","6(N01@f)","6(N01@f), 6(N01@f)","6(N01)"
"𒗃","6(N02)","6(N02), 6(N02)","6(N02)"
"𒕞","6(N08)","6(N08), 6(N08)","6(N08)"
"𒕧","6(N14)","6(N14), 6(N14)","6(N14)"
"𒗹","6(N18)","6(N18), 6(N18)","6(N18)"
"𒘐","6(N19)","6(N19), 6(N19)","6(N19)"
"𒘻","6(N20)","6(N20), 6(N20)","6(N20)"
"󰃠","6(N21)","6(N21), 6(N21)","6(N21)"
"󰄅","6(N24)","6(N24), 6(N24)","6(N24)"
"𒕰","6(N34)","6(N34), 6(N34)","6(N34)"
"𒘛","6(N36)","6(N36), 6(N36)","6(N36)"
"𒕾","6(N45)","6(N45), 6(N45)","6(N45)"
"󰃫","6(N48)","6(N48), 6(N48)","6(N48)"
"𒖟","6(N51)","6(N51), 6(N51)","6(N51)"
"𒯱","6(N57)","6(N57), 6(N57)","6(N57)"
"󰄨","6(N59)","6(N59), 6(N59)","6(N59)"
"𒕖","7(N01)","7(N01), 7(N01)","7(N01)"
"𒗄","7(N02)","7(N02), 7(N02)","7(N02)"
"𒕟","7(N08)","7(N08), 7(N08)","7(N08)"
"𒕨","7(N14)","7(N14), 7(N14)","7(N14)"
"𒗺","7(N18)","7(N18), 7(N18)","7(N18)"
"𒘑","7(N19)","7(N19), 7(N19)","7(N19)"
"𒘼","7(N20)","7(N20), 7(N20)","7(N20)"
"󰄂","7(N23)","7(N23), 7(N23)","7(N23)"
"𒕱","7(N34)","7(N34), 7(N34)","7(N34)"
"𒙥","7(N34@f)","7(N34@f), 7(N34@f)","7(N34)"
"𒕿","7(N45)","7(N45), 7(N45)","7(N45)"
"󰃬","7(N48)","7(N48), 7(N48)","7(N48)"
"𒖠","7(N51)","7(N51), 7(N51)","7(N51)"
"𒯲","7(N57)","7(N57), 7(N57)","7(N57)"
"󰃺","7(N59)","7(N59), 7(N59)","7(N59)"
"𒕗","8(N01)","8(N01), 8(N01)","8(N01)"
"𒙓","8(N01@f)","8(N01@f), 8(N01@f)","8(N01)"
"𒗅","8(N02)","8(N02), 8(N02)","8(N02)"
"𒕠","8(N08)","8(N08), 8(N08)","8(N08)"
"𒕩","8(N14)","8(N14), 8(N14)","8(N14)"
"𒗻","8(N18)","8(N18), 8(N18)","8(N18)"
"𒘒","8(N19)","8(N19), 8(N19)","8(N19)"
"𒘽","8(N20)","8(N20), 8(N20)","8(N20)"
"𒕲","8(N34)","8(N34), 8(N34)","8(N34)"
"𒖡","8(N51)","8(N51), 8(N51)","8(N51)"
"𒯳","8(N57)","8(N57), 8(N57)","8(N57)"
"𒯻","8(N58)","8(N58), 8(N58)","8(N58)"
"𒕘","9(N01)","9(N01), 9(N01)","9(N01)"
"𒗆","9(N02)","9(N02), 9(N02)","9(N02)"
"𒕡","9(N08)","9(N08), 9(N08)","9(N08)"
"𒕪","9(N14)","9(N14), 9(N14)","9(N14)"
"𒗼","9(N18)","9(N18), 9(N18)","9(N18)"
"𒘓","9(N19)","9(N19), 9(N19)","9(N19)"
"𒘾","9(N20)","9(N20), 9(N20)","9(N20)"
"𒕳","9(N34)","9(N34), 9(N34)","9(N34)"
"𒘞","9(N36)","9(N36), 9(N36)","9(N36)"
"𒖁","9(N45)","9(N45), 9(N45)","9(N45)"
"𒯴","9(N57)","9(N57), 9(N57)","9(N57)"
"𒯼","9(N58)","9(N58), 9(N58)","9(N58)"
"𒚐","A","A, A","A"
"󲐁","A@t","A@t, A@t","A"
"𒚕","A₂","A2, A₂","A₂"
"𒚖","AB~a","AB~a, AB~a","AB"
"𒚜","AB~a@g","AB~a@g, AB~a@g","AB"
"𒚝","AB~b","AB~b, AB~b","AB"
"𒚞","AB₂","AB2, AB₂","AB₂"
"󲔥","AB₂@g","AB2@g, AB₂@g","AB₂"
"𒚠","ABZU","ABZU, ABZU","ABZU"
"𒚡","AD~a","AD~a, AD~a","AD"
"𒚢","AD~b","AD~b, AD~b","AD"
"𒚣","AD~c","AD~c, AD~c","AD"
"𒚤","ADAB","ADAB, ADAB","ADAB"
"𒚥","ADDA","ADDA, ADDA","ADDA"
"𒚦","AGAR₂","AGAR2, AGAR₂","AGAR₂"
"𒚧","AK~a","AK~a, AK~a","AK"
"𒚨","AK~b","AK~b, AK~b","AK"
"𒚩","AL","AL, AL","AL"
"𒚪","ALAN~a","ALAN~a, ALAN~a","ALAN"
"𒚫","ALAN~b","ALAN~b, ALAN~b","ALAN"
"𒚬","ALAN~c","ALAN~c, ALAN~c","ALAN"
"󲐊","ALAN~d","ALAN~d, ALAN~d","ALAN"
"𒚭","ALAN~e","ALAN~e, ALAN~e","ALAN"
"𒚮","ALIM","ALIM, ALIM","ALIM"
"𒚯","AM~a","AM~a, AM~a","AM"
"𒚰","AM~b","AM~b, AM~b","AM"
"𒚱","AMA~a","AMA~a, AMA~a","AMA"
"𒚳","AMA~b","AMA~b, AMA~b","AMA"
"𒚴","AMAR","AMAR, AMAR","AMAR"
"󲐋","AMAR@g","AMAR@g, AMAR@g","AMAR"
"𒚷","AN","AN, AN","AN"
"𒚸","ANŠE~a","ANŠE~a, ANŠE~a","ANŠE"
"𒚹","ANŠE~b","ANŠE~b, ANŠE~b","ANŠE"
"𒚺","ANŠE~c","ANŠE~c, ANŠE~c","ANŠE"
"𒚻","ANŠE~e","ANŠE~e, ANŠE~e","ANŠE"
"𒚼","ANŠE~f","ANŠE~f, ANŠE~f","ANŠE"
"𒚽","APIN~a","APIN~a, APIN~a","APIN"
"𒚾","APIN~b","APIN~b, APIN~b","APIN"
"𒚿","APIN~c","APIN~c, APIN~c","APIN"
"𒛀","ARARMA₂~a","ARARMA2~a, ARARMA₂~a","ARARMA₂"
"𒛁","ASAR","ASAR, ASAR","ASAR"
"󲐌","AŠ₂","AŠ2, AŠ₂","AŠ₂"
"𒛂","AZ","AZ, AZ","AZ"
"𒛃","AZU","AZU, AZU","AZU"
"𒛄","BA","BA, BA","BA"
"𒛅","BAD","BAD, BAD","BAD"
"𒛇","BAD₃~a","BAD3~a, BAD₃~a","BAD₃"
"𒛈","BAD₃~b1","BAD3~b1, BAD₃~b1","BAD₃"
"𒛉","BAD₃~b2","BAD3~b2, BAD₃~b2","BAD₃"
"𒛊","BAHAR₂~a","BAHAR2~a, BAHAR₂~a","BAHAR₂"
"𒛋","BAHAR₂~b","BAHAR2~b, BAHAR₂~b","BAHAR₂"
"𒛌","BAHAR₂~c","BAHAR2~c, BAHAR₂~c","BAHAR₂"
"𒛍","BALA~a","BALA~a, BALA~a","BALA"
"𒛎","BALA~b","BALA~b, BALA~b","BALA"
"𒛏","BALAG","BALAG, BALAG","BALAG"
"𒛐","BAN~a","BAN~a, BAN~a","BAN"
"𒛑","BAN~b","BAN~b, BAN~b","BAN"
"𒛒","BANŠUR~a","BANŠUR~a, BANŠUR~a","BANŠUR"
"𒛓","BANŠUR~a@t","BANŠUR~a@t, BANŠUR~a@t","BANŠUR"
"𒛔","BANŠUR~b1","BANŠUR~b1, BANŠUR~b1","BANŠUR"
"𒛕","BANŠUR~b2","BANŠUR~b2, BANŠUR~b2","BANŠUR"
"𒛖","BANŠUR~c","BANŠUR~c, BANŠUR~c","BANŠUR"
"𒛗","BAPPIR~a","BAPPIR~a, BAPPIR~a","BAPPIR"
"𒛘","BAPPIR~b","BAPPIR~b, BAPPIR~b","BAPPIR"
"𒛙","BAPPIR~c","BAPPIR~c, BAPPIR~c","BAPPIR"
"𒛚","BAPPIR~d","BAPPIR~d, BAPPIR~d","BAPPIR"
"𒛛","BAPPIR~e","BAPPIR~e, BAPPIR~e","BAPPIR"
"𒛜","BAPPIR~f","BAPPIR~f, BAPPIR~f","BAPPIR"
"𒛝","BAR","BAR, BAR","BAR"
"𒛞","BARA₂~a","BARA2~a, BARA₂~a","BARA₂"
"𒛟","BARA₂~b","BARA2~b, BARA₂~b","BARA₂"
"𒛠","BARA₃","BARA3, BARA₃","BARA₃"
"𒛡","BIR~a","BIR~a, BIR~a","BIR"
"𒛢","BIR~b","BIR~b, BIR~b","BIR"
"𒛣","BIR~c","BIR~c, BIR~c","BIR"
"𒛤","BIR₃~a","BIR3~a, BIR₃~a","BIR₃"
"𒛥","BIR₃~b","BIR3~b, BIR₃~b","BIR₃"
"𒛦","BIR₃~c","BIR3~c, BIR₃~c","BIR₃"
"𒛧","BU~a","BU~a, BU~a","BU"
"𒛭","BU~b","BU~b, BU~b","BU"
"𒛮","BU₃","BU3, BU₃","BU₃"
"𒛯","BULUG","BULUG, BULUG","BULUG"
"𒛰","BULUG₃","BULUG3, BULUG₃","BULUG₃"
"𒛱","BUR~a","BUR~a, BUR~a","BUR"
"𒛲","BUR~b","BUR~b, BUR~b","BUR"
"𒛳","BUR~c","BUR~c, BUR~c","BUR"
"𒛴","BUR~d","BUR~d, BUR~d","BUR"
"𒛵","BUR₂","BUR2, BUR₂","BUR₂"
"𒛶","DA~a","DA~a, DA~a","DA"
"𒛷","DA~b","DA~b, DA~b","DA"
"𒛸","DA~c","DA~c, DA~c","DA"
"𒛹","DA~d","DA~d, DA~d","DA"
"𒛺","DAH","DAH, DAH","DAH"
"𒛻","DAM","DAM, DAM","DAM"
"𒛼","DANNA","DANNA, DANNA","DANNA"
"𒛽","DAR~a","DAR~a, DAR~a","DAR"
"𒛿","DAR~b","DAR~b, DAR~b","DAR"
"𒜀","DAR~c","DAR~c, DAR~c","DAR"
"󲐐","DAR~d","DAR~d, DAR~d","DAR"
"𒜁","DARA₃~a","DARA3~a, DARA₃~a","DARA₃"
"𒜂","DARA₃~b","DARA3~b, DARA₃~b","DARA₃"
"𒜃","DARA₃~c","DARA3~c, DARA₃~c","DARA₃"
"𒜆","DARA₃~d","DARA3~d, DARA₃~d","DARA₃"
"𒜉","DARA₄~a1","DARA4~a1, DARA₄~a1","DARA₄"
"𒜊","DARA₄~a2","DARA4~a2, DARA₄~a2","DARA₄"
"𒜋","DARA₄~a3","DARA4~a3, DARA₄~a3","DARA₄"
"𒜌","DARA₄~b","DARA4~b, DARA₄~b","DARA₄"
"𒜍","DARA₄~c","DARA4~c, DARA₄~c","DARA₄"
"𒜎","DARA₄~c1","DARA4~c1, DARA₄~c1","DARA₄"
"𒜏","DARA₄~c2","DARA4~c2, DARA₄~c2","DARA₄"
"𒜐","DARA₄~c3","DARA4~c3, DARA₄~c3","DARA₄"
"𒜑","DARA₄~c4","DARA4~c4, DARA₄~c4","DARA₄"
"𒜒","DARA₄~c5","DARA4~c5, DARA₄~c5","DARA₄"
"𒜓","DARA₄~d","DARA4~d, DARA₄~d","DARA₄"
"𒜔","DI","DI, DI","DI"
"𒜕","DI@t","DI@t, DI@t","DI"
"𒜖","DIB","DIB, DIB","DIB"
"𒜗","DILMUN","DILMUN, DILMUN","DILMUN"
"𒜘","DIM~a","DIM~a, DIM~a","DIM"
"𒜙","DIM~b","DIM~b, DIM~b","DIM"
"𒜚","DIM~c","DIM~c, DIM~c","DIM"
"𒜛","DIN","DIN, DIN","DIN"
"𒜝","DIN@t","DIN@t, DIN@t","DIN"
"𒜞","DU","DU, DU","DU"
"𒜠","DU@g","DU@g, DU@g","DU"
"𒜡","DU₆~a","DU6~a, DU₆~a","DU₆"
"𒜣","DU₆~b","DU6~b, DU₆~b","DU₆"
"𒜤","DU₆~c","DU6~c, DU₆~c","DU₆"
"𒜥","DU₇","DU7, DU₇","DU₇"
"𒜦","DU₈~a","DU8~a, DU₈~a","DU₈"
"𒜧","DU₈~b","DU8~b, DU₈~b","DU₈"
"𒜨","DU₈~c","DU8~c, DU₈~c","DU₈"
"𒜭","DU₈~c@g","DU8~c@g, DU₈~c@g","DU₈"
"𒜮","DUB~a","DUB~a, DUB~a","DUB"
"𒜯","DUB~b","DUB~b, DUB~b","DUB"
"󲔫","DUB~b@r","DUB~b@r, DUB~b@r","DUB"
"𒜰","DUB~c","DUB~c, DUB~c","DUB"
"𒜱","DUB~d","DUB~d, DUB~d","DUB"
"𒜲","DUB~e","DUB~e, DUB~e","DUB"
"𒜳","DUB~f","DUB~f, DUB~f","DUB"
"𒜴","DUB~h","DUB~h, DUB~h","DUB"
"𒜸","DUB₂","DUB2, DUB₂","DUB₂"
"𒜹","DUG~a","DUG~a, DUG~a","DUG"
"𒜿","DUG~b","DUG~b, DUG~b","DUG"
"𒝴","DUG~c","DUG~c, DUG~c","DUG"
"𒝶","DUG~c@t","DUG~c@t, DUG~c@t","DUG"
"𒝷","DUG~d","DUG~d, DUG~d","DUG"
"𒝸","DUGUD","DUGUD, DUGUD","DUGUD"
"𒝹","DUR~a","DUR~a, DUR~a","DUR"
"𒝺","DUR~b","DUR~b, DUR~b","DUR"
"𒝻","DUR₂","DUR2, DUR₂","DUR₂"
"𒝼","E~a","E~a, E~a","E"
"𒝽","E~b","E~b, E~b","E"
"𒝾","E~c","E~c, E~c","E"
"󲐚","E~d","E~d, E~d","E"
"𒝿","E₂~a","E2~a, E₂~a","E₂"
"𒞁","E₂~b","E2~b, E₂~b","E₂"
"𒞃","E₂~c","E2~c, E₂~c","E₂"
"𒞄","E₂~d","E2~d, E₂~d","E₂"
"𒞅","E₃~b","E3~b, E₃~b","E₃"
"𒞆","EDIN","EDIN, EDIN","EDIN"
"𒞋","EN@g~a","EN@g~a, EN@g~a","EN"
"𒞌","EN@g~b","EN@g~b, EN@g~b","EN"
"𒞇","EN~a","EN~a, EN~a","EN"
"𒞈","EN~b","EN~b, EN~b","EN"
"𒞉","EN~b@t","EN~b@t, EN~b@t","EN"
"𒞊","EN~c","EN~c, EN~c","EN"
"󲐝","EN~e","EN~e, EN~e","EN"
"𒞍","EN₂","EN2, EN₂","EN₂"
"𒞎","ERIM~a","ERIM~a, ERIM~a","ERIM"
"𒞏","ERIM~b1","ERIM~b1, ERIM~b1","ERIM"
"𒞐","ERIM~b2","ERIM~b2, ERIM~b2","ERIM"
"𒞑","ERIN","ERIN, ERIN","ERIN"
"𒞒","EŠDA","EŠDA, EŠDA","EŠDA"
"𒞔","EŠGAR","EŠGAR, EŠGAR","EŠGAR"
"𒞕","EZEN~a","EZEN~a, EZEN~a","EZEN"
"𒞡","EZEN~b","EZEN~b, EZEN~b","EZEN"
"𒞤","EZEN~b@t","EZEN~b@t, EZEN~b@t","EZEN"
"𒞥","EZINU~a","EZINU~a, EZINU~a","EZINU"
"𒞦","EZINU~b","EZINU~b, EZINU~b","EZINU"
"𒞧","EZINU~c","EZINU~c, EZINU~c","EZINU"
"𒞨","EZINU~d","EZINU~d, EZINU~d","EZINU"
"𒞩","GA~a","GA~a, GA~a","GA"
"𒞪","GA~b","GA~b, GA~b","GA"
"𒞫","GA~c","GA~c, GA~c","GA"
"𒞮","GA₂~a1","GA2~a1, GA₂~a1","GA₂"
"𒟊","GA₂~a2","GA2~a2, GA₂~a2","GA₂"
"𒟐","GA₂~a3","GA2~a3, GA₂~a3","GA₂"
"𒟑","GA₂~a4","GA2~a4, GA₂~a4","GA₂"
"𒟒","GA₂~b","GA2~b, GA₂~b","GA₂"
"𒟗","GA₂~c","GA2~c, GA₂~c","GA₂"
"𒟜","GADA~a","GADA~a, GADA~a","GADA"
"󲐬","GADA~b","GADA~b, GADA~b","GADA"
"𒟝","GADA~b@g","GADA~b@g, GADA~b@g","GADA"
"𒟞","GAL~a","GAL~a, GAL~a","GAL"
"𒟟","GAL~b","GAL~b, GAL~b","GAL"
"𒟠","GALGA~a","GALGA~a, GALGA~a","GALGA"
"󲐭","GALGA~b","GALGA~b, GALGA~b","GALGA"
"𒟡","GAN~a","GAN~a, GAN~a","GAN"
"𒟢","GAN~b","GAN~b, GAN~b","GAN"
"𒟣","GAN~c","GAN~c, GAN~c","GAN"
"𒟮","GAN₂","GAN2, GAN₂","GAN₂"
"𒟯","GAR","GAR, GAR","GAR"
"𒟰","GAR@g~a","GAR@g~a, GAR@g~a","GAR"
"𒟱","GAR@g~b","GAR@g~b, GAR@g~b","GAR"
"𒟲","GAR@g~c","GAR@g~c, GAR@g~c","GAR"
"𒟳","GAR₃","GAR3, GAR₃","GAR₃"
"𒟴","GARA₂~a","GARA2~a, GARA₂~a","GARA₂"
"󲐲","GARA₂~b","GARA2~b, GARA₂~b","GARA₂"
"𒟵","GAZI","GAZI, GAZI","GAZI"
"𒟘","GAʾAR~a1","GAʾAR~a1, GAʾAR~a1","GAʾAR"
"𒟙","GAʾAR~a2","GAʾAR~a2, GAʾAR~a2","GAʾAR"
"𒟚","GAʾAR~b1","GAʾAR~b1, GAʾAR~b1","GAʾAR"
"𒟛","GAʾAR~b2","GAʾAR~b2, GAʾAR~b2","GAʾAR"
"𒟶","GEŠTIN~a","GEŠTIN~a, GEŠTIN~a","GEŠTIN"
"𒟷","GEŠTIN~d","GEŠTIN~d, GEŠTIN~d","GEŠTIN"
"𒟸","GEŠTIN~e","GEŠTIN~e, GEŠTIN~e","GEŠTIN"
"𒟹","GEŠTU~a","GEŠTU~a, GEŠTU~a","GEŠTU"
"𒟻","GEŠTU~b","GEŠTU~b, GEŠTU~b","GEŠTU"
"𒟼","GEŠTU~c3","GEŠTU~c3, GEŠTU~c3","GEŠTU"
"𒟽","GEŠTU~c5","GEŠTU~c5, GEŠTU~c5","GEŠTU"
"𒟾","GI","GI, GI","GI"
"𒠋","GI@t","GI@t, GI@t","GI"
"𒠌","GI₄~a","GI4~a, GI₄~a","GI₄"
"𒠎","GI₄~b","GI4~b, GI₄~b","GI₄"
"𒠐","GI₆","GI6, GI₆","GI₆"
"𒠑","GIBIL","GIBIL, GIBIL","GIBIL"
"󲐷","GIBIL@t","GIBIL@t, GIBIL@t","GIBIL"
"𒠒","GIR~a","GIR~a, GIR~a","GIR"
"𒠓","GIR~b","GIR~b, GIR~b","GIR"
"𒠔","GIR~c","GIR~c, GIR~c","GIR"
"󲐸","GIR~d","GIR~d, GIR~d","GIR"
"𒠕","GIR₂~a","GIR2~a, GIR₂~a","GIR₂"
"𒠛","GIR₃@g~a","GIR3@g~a, GIR₃@g~a","GIR₃"
"𒠜","GIR₃@g~b","GIR3@g~b, GIR₃@g~b","GIR₃"
"𒠝","GIR₃@g~c","GIR3@g~c, GIR₃@g~c","GIR₃"
"𒠖","GIR₃~a","GIR3~a, GIR₃~a","GIR₃"
"𒠘","GIR₃~b","GIR3~b, GIR₃~b","GIR₃"
"𒠙","GIR₃~c","GIR3~c, GIR₃~c","GIR₃"
"𒠞","GISAL~a","GISAL~a, GISAL~a","GISAL"
"𒠟","GISAL~b","GISAL~b, GISAL~b","GISAL"
"𒠠","GIŠ","GIŠ, GIŠ","GIŠ"
"𒠦","GIŠ@t","GIŠ@t, GIŠ@t","GIŠ"
"𒠧","GIŠ₃~a","GIŠ3~a, GIŠ₃~a","GIŠ₃"
"𒠩","GIŠ₃~b","GIŠ3~b, GIŠ₃~b","GIŠ₃"
"𒠪","GIŠGAL","GIŠGAL, GIŠGAL","GIŠGAL"
"𒠫","GIŠIMMAR~a1","GIŠIMMAR~a1, GIŠIMMAR~a1","GIŠIMMAR"
"𒠬","GIŠIMMAR~a2","GIŠIMMAR~a2, GIŠIMMAR~a2","GIŠIMMAR"
"𒠭","GIŠIMMAR~a3","GIŠIMMAR~a3, GIŠIMMAR~a3","GIŠIMMAR"
"𒠮","GIŠIMMAR~b1","GIŠIMMAR~b1, GIŠIMMAR~b1","GIŠIMMAR"
"𒠯","GIŠIMMAR~b2","GIŠIMMAR~b2, GIŠIMMAR~b2","GIŠIMMAR"
"𒠰","GIŠIMMAR~b3","GIŠIMMAR~b3, GIŠIMMAR~b3","GIŠIMMAR"
"𒠱","GU","GU, GU","GU"
"𒠲","GU₂","GU2, GU₂","GU₂"
"𒠳","GU₄","GU4, GU₄","GU₄"
"𒠴","GU₄@g","GU4@g, GU₄@g","GU₄"
"𒠵","GU₇","GU7, GU₇","GU₇"
"𒠶","GUB₃~a","GUB3~a, GUB₃~a","GUB₃"
"𒠷","GUB₃~b","GUB3~b, GUB₃~b","GUB₃"
"𒠸","GUB₃~c","GUB3~c, GUB₃~c","GUB₃"
"𒠹","GUB₃~d","GUB3~d, GUB₃~d","GUB₃"
"𒠺","GUG₂","GUG2, GUG₂","GUG₂"
"𒠽","GUKKAL~a","GUKKAL~a, GUKKAL~a","GUKKAL"
"𒠾","GUKKAL~b","GUKKAL~b, GUKKAL~b","GUKKAL"
"𒠿","GUKKAL~c","GUKKAL~c, GUKKAL~c","GUKKAL"
"𒡀","GUKKAL~d","GUKKAL~d, GUKKAL~d","GUKKAL"
"𒡁","GUL","GUL, GUL","GUL"
"𒡂","GUM~a","GUM~a, GUM~a","GUM"
"𒡃","GUM~b","GUM~b, GUM~b","GUM"
"𒡄","GUM~b@n","GUM~b@n, GUM~b@n","GUM"
"𒡅","GUN₃~a","GUN3~a, GUN₃~a","GUN₃"
"𒡆","GUN₃~b","GUN3~b, GUN₃~b","GUN₃"
"𒡇","GUR","GUR, GUR","GUR"
"𒡈","GURUŠ~a","GURUŠ~a, GURUŠ~a","GURUŠ"
"𒡊","GURUŠ~b","GURUŠ~b, GURUŠ~b","GURUŠ"
"𒡍","GURUŠDA","GURUŠDA, GURUŠDA","GURUŠDA"
"𒡎","HAL","HAL, HAL","HAL"
"𒡏","HALUB","HALUB, HALUB","HALUB"
"𒡐","HAŠHUR","HAŠHUR, HAŠHUR","HAŠHUR"
"𒡒","HI","HI, HI","HI"
"𒡕","HI@g~a","HI@g~a, HI@g~a","HI"
"𒡖","HI@g~b","HI@g~b, HI@g~b","HI"
"𒡗","HI@g~c","HI@g~c, HI@g~c","HI"
"󲔰","HI~b","HI~b, HI~b","HI"
"𒡘","I","I, I","I"
"𒡙","IB~a","IB~a, IB~a","IB"
"𒡚","IB~a@n","IB~a@n, IB~a@n","IB"
"𒡛","IB~b","IB~b, IB~b","IB"
"𒡜","IB~c","IB~c, IB~c","IB"
"𒡝","IDIGNA","IDIGNA, IDIGNA","IDIGNA"
"𒡞","IG~a","IG~a, IG~a","IG"
"𒡟","IG~b","IG~b, IG~b","IG"
"𒡠","IL","IL, IL","IL"
"𒡡","IM~a","IM~a, IM~a","IM"
"𒡢","IM~b","IM~b, IM~b","IM"
"𒡣","IN~b","IN~b, IN~b","IN"
"𒡤","IN~d","IN~d, IN~d","IN"
"𒡥","IR~a","IR~a, IR~a","IR"
"𒡦","IR~b","IR~b, IR~b","IR"
"𒡧","IR~c","IR~c, IR~c","IR"
"𒡨","IR~d","IR~d, IR~d","IR"
"󲐾","IRHAN","IRHAN, IRHAN","IRHAN"
"𒡩","IŠ~a","IŠ~a, IŠ~a","IŠ"
"𒡪","IŠ~b","IŠ~b, IŠ~b","IŠ"
"𒡫","IŠ~c","IŠ~c, IŠ~c","IŠ"
"𒡬","KA~a","KA~a, KA~a","KA"
"𒡮","KA₂~a","KA2~a, KA₂~a","KA₂"
"𒡯","KA₂~b","KA2~b, KA₂~b","KA₂"
"󲐿","KA₂~c","KA2~c, KA₂~c","KA₂"
"𒡱","KAB","KAB, KAB","KAB"
"𒡲","KAD₄~a","KAD4~a, KAD₄~a","KAD₄"
"𒡳","KAD₄~b","KAD4~b, KAD₄~b","KAD₄"
"󲑁","KAD₄~c1","KAD4~c1, KAD₄~c1","KAD₄"
"󲑂","KAD₄~c2","KAD4~c2, KAD₄~c2","KAD₄"
"𒡴","KAK~a","KAK~a, KAK~a","KAK"
"𒡵","KAK~b","KAK~b, KAK~b","KAK"
"𒡶","KAL~a","KAL~a, KAL~a","KAL"
"𒡷","KAL~b1","KAL~b1, KAL~b1","KAL"
"𒡸","KAL~b2","KAL~b2, KAL~b2","KAL"
"𒡹","KALAM~a","KALAM~a, KALAM~a","KALAM"
"𒡺","KALAM~b","KALAM~b, KALAM~b","KALAM"
"𒡻","KALAM~c","KALAM~c, KALAM~c","KALAM"
"𒡼","KALAM~d","KALAM~d, KALAM~d","KALAM"
"𒡽","KALAM~e","KALAM~e, KALAM~e","KALAM"
"𒡾","KALAM~f","KALAM~f, KALAM~f","KALAM"
"𒡿","KALAM~g","KALAM~g, KALAM~g","KALAM"
"𒢀","KALAM~h","KALAM~h, KALAM~h","KALAM"
"𒢁","KALAM~h2","KALAM~h2, KALAM~h2","KALAM2"
"𒢂","KAR₂~a","KAR2~a, KAR₂~a","KAR₂"
"𒢃","KAR₂~b","KAR2~b, KAR₂~b","KAR₂"
"𒢄","KASKAL","KASKAL, KASKAL","KASKAL"
"󲑃","KASKAL@g","KASKAL@g, KASKAL@g","KASKAL"
"𒢅","KAŠ~a","KAŠ~a, KAŠ~a","KAŠ"
"𒢆","KAŠ~b","KAŠ~b, KAŠ~b","KAŠ"
"𒢈","KAŠ~c","KAŠ~c, KAŠ~c","KAŠ"
"𒢉","KAŠ~d","KAŠ~d, KAŠ~d","KAŠ"
"𒢊","KI","KI, KI","KI"
"𒢋","KI@n","KI@n, KI@n","KI"
"𒢍","KIB","KIB, KIB","KIB"
"𒢎","KIB@g","KIB@g, KIB@g","KIB"
"𒢏","KID~a","KID~a, KID~a","KID"
"𒢐","KID~b","KID~b, KID~b","KID"
"𒢑","KID~c","KID~c, KID~c","KID"
"𒢒","KID~d","KID~d, KID~d","KID"
"𒢓","KID~e","KID~e, KID~e","KID"
"𒢔","KIN","KIN, KIN","KIN"
"𒢕","KIN₂~a","KIN2~a, KIN₂~a","KIN₂"
"𒢖","KIN₂~b","KIN2~b, KIN₂~b","KIN₂"
"𒢗","KIN₂~c","KIN2~c, KIN₂~c","KIN₂"
"𒢘","KIN₂~d","KIN2~d, KIN₂~d","KIN₂"
"𒢙","KIN₂~e","KIN2~e, KIN₂~e","KIN₂"
"𒢚","KISAL~a1","KISAL~a1, KISAL~a1","KISAL"
"󲑅","KISAL~a2","KISAL~a2, KISAL~a2","KISAL"
"𒢛","KISAL~b1","KISAL~b1, KISAL~b1","KISAL"
"𒢜","KISAL~b2","KISAL~b2, KISAL~b2","KISAL"
"𒢝","KISAL~b2@t","KISAL~b2@t, KISAL~b2@t","KISAL"
"𒢞","KISAL~b3","KISAL~b3, KISAL~b3","KISAL"
"𒢟","KISIM~a","KISIM~a, KISIM~a","KISIM"
"𒢠","KISIM~b","KISIM~b, KISIM~b","KISIM"
"𒢡","KISIM~c","KISIM~c, KISIM~c","KISIM"
"𒢢","KIŠ","KIŠ, KIŠ","KIŠ"
"𒢣","KIŠIK~a","KIŠIK~a, KIŠIK~a","KIŠIK"
"𒢤","KIŠIK~b","KIŠIK~b, KIŠIK~b","KIŠIK"
"󲄕","KITI","KITI, KITI","KITI"
"𒢥","KU~a","KU~a, KU~a","KU"
"𒢦","KU~b1","KU~b1, KU~b1","KU"
"𒢧","KU~b2","KU~b2, KU~b2","KU"
"𒢨","KU₃~a","KU3~a, KU₃~a","KU₃"
"𒢩","KU₃~c","KU3~c, KU₃~c","KU₃"
"𒢪","KU₆~a","KU6~a, KU₆~a","KU₆"
"󲑆","KU₆~a@s","KU6~a@s, KU₆~a@s","KU₆"
"𒢬","KU₆~c","KU6~c, KU₆~c","KU₆"
"𒢭","KU₆~d","KU6~d, KU₆~d","KU₆"
"𒢱","KUR@g~a","KUR@g~a, KUR@g~a","KUR"
"𒢲","KUR@g~b","KUR@g~b, KUR@g~b","KUR"
"𒢮","KUR~a","KUR~a, KUR~a","KUR"
"𒢯","KUR~b","KUR~b, KUR~b","KUR"
"𒢰","KUR~c","KUR~c, KUR~c","KUR"
"󲑇","KUR~d","KUR~d, KUR~d","KUR"
"𒢳","KUŠU₂~a","KUŠU2~a, KUŠU₂~a","KUŠU₂"
"𒢴","KUŠU₂~b","KUŠU2~b, KUŠU₂~b","KUŠU₂"
"𒢵","KUŠU₂~c","KUŠU2~c, KUŠU₂~c","KUŠU₂"
"𒢶","KUŠU₂~d","KUŠU2~d, KUŠU₂~d","KUŠU₂"
"𒢷","KUŠU₂~e","KUŠU2~e, KUŠU₂~e","KUŠU₂"
"𒢸","KUŠU₂~f","KUŠU2~f, KUŠU₂~f","KUŠU₂"
"𒢹","LA~b","LA~b, LA~b","LA"
"󲑈","LA~c","LA~c, LA~c","LA"
"𒢺","LA~d","LA~d, LA~d","LA"
"𒢻","LA₂","LA2, LA₂","LA₂"
"𒢼","LAGAB~a","LAGAB~a, LAGAB~a","LAGAB"
"𒣎","LAGAB~b","LAGAB~b, LAGAB~b","LAGAB"
"𒣔","LAGAR~a","LAGAR~a, LAGAR~a","LAGAR"
"𒣕","LAGAR~a@r","LAGAR~a@r, LAGAR~a@r","LAGAR"
"𒣖","LAGAR~b1","LAGAR~b1, LAGAR~b1","LAGAR"
"𒣗","LAGAR~b2","LAGAR~b2, LAGAR~b2","LAGAR"
"𒣘","LAGAR~c","LAGAR~c, LAGAR~c","LAGAR"
"𒣙","LAL₂~a","LAL2~a, LAL₂~a","LAL₂"
"𒣜","LAL₂~b","LAL2~b, LAL₂~b","LAL₂"
"𒣝","LAL₃~a","LAL3~a, LAL₃~a","LAL₃"
"𒣞","LAL₃~b","LAL3~b, LAL₃~b","LAL₃"
"𒣟","LAM~a","LAM~a, LAM~a","LAM"
"𒣠","LAM~b","LAM~b, LAM~b","LAM"
"𒣡","LAM~b@r","LAM~b@r, LAM~b@r","LAM"
"󲑒","LAM~b@s","LAM~b@s, LAM~b@s","LAM"
"𒣢","LAM~b@t","LAM~b@t, LAM~b@t","LAM"
"󲄥","LI","LI, LI","LI"
"𒣣","LIŠ","LIŠ, LIŠ","LIŠ"
"𒣤","LU₂","LU2, LU₂","LU₂"
"𒣥","LUM","LUM, LUM","LUM"
"𒣦","MA","MA, MA","MA"
"𒣪","MA₂","MA2, MA₂","MA₂"
"𒣫","MAGUR~a","MAGUR~a, MAGUR~a","MAGUR"
"𒣬","MAGUR~b","MAGUR~b, MAGUR~b","MAGUR"
"𒣭","MAH~a","MAH~a, MAH~a","MAH"
"𒣻","MAH~b","MAH~b, MAH~b","MAH"
"𒣾","MAR~a","MAR~a, MAR~a","MAR"
"𒣿","MAR~a@g","MAR~a@g, MAR~a@g","MAR"
"𒤀","MAR~a@t","MAR~a@t, MAR~a@t","MAR"
"𒤁","MAR~b","MAR~b, MAR~b","MAR"
"𒤅","MAŠ","MAŠ, MAŠ","MAŠ"
"𒤆","MAŠ₂","MAŠ2, MAŠ₂","MAŠ₂"
"𒤇","MAŠ₂@g","MAŠ2@g, MAŠ₂@g","MAŠ₂"
"𒤈","ME~a","ME~a, ME~a","ME"
"𒤉","ME~b","ME~b, ME~b","ME"
"𒤊","ME₃","ME3, ME₃","ME₃"
"𒤋","MEN~a","MEN~a, MEN~a","MEN"
"𒤌","MEN~b","MEN~b, MEN~b","MEN"
"𒤍","MES","MES, MES","MES"
"𒤎","MIR~a","MIR~a, MIR~a","MIR"
"𒤏","MIR~b","MIR~b, MIR~b","MIR"
"𒤐","MU","MU, MU","MU"
"𒤑","MUD","MUD, MUD","MUD"
"𒤒","MUD₃~a","MUD3~a, MUD₃~a","MUD₃"
"𒤓","MUD₃~a@g","MUD3~a@g, MUD₃~a@g","MUD₃"
"𒤔","MUD₃~b","MUD3~b, MUD₃~b","MUD₃"
"𒤕","MUD₃~c","MUD3~c, MUD₃~c","MUD₃"
"𒤖","MUD₃~d","MUD3~d, MUD₃~d","MUD₃"
"𒤗","MUL","MUL, MUL","MUL"
"𒤘","MUN~a1","MUN~a1, MUN~a1","MUN"
"𒤙","MUN~a2","MUN~a2, MUN~a2","MUN"
"𒤚","MUN~a3","MUN~a3, MUN~a3","MUN"
"𒤛","MUN~a4","MUN~a4, MUN~a4","MUN"
"𒤜","MUN~b","MUN~b, MUN~b","MUN"
"𒤝","MUNŠUB~a","MUNŠUB~a, MUNŠUB~a","MUNŠUB"
"𒤞","MUNŠUB~b","MUNŠUB~b, MUNŠUB~b","MUNŠUB"
"𒤟","MUNU₃","MUNU3, MUNU₃","MUNU₃"
"𒤠","MUŠ","MUŠ, MUŠ","MUŠ"
"𒤡","MUŠ₃~a","MUŠ3~a, MUŠ₃~a","MUŠ₃"
"𒤢","MUŠ₃~a@g","MUŠ3~a@g, MUŠ₃~a@g","MUŠ₃"
"𒤣","MUŠ₃~b","MUŠ3~b, MUŠ₃~b","MUŠ₃"
"𒤤","MUŠEN","MUŠEN, MUŠEN","MUŠEN"
"𒤨","NA~a","NA~a, NA~a","NA"
"𒤩","NA~b","NA~b, NA~b","NA"
"𒤪","NA~c","NA~c, NA~c","NA"
"󲑙","NA~d","NA~d, NA~d","NA"
"𒤫","NA₂~a","NA2~a, NA₂~a","NA₂"
"𒤬","NA₂~b1","NA2~b1, NA₂~b1","NA₂"
"𒤭","NA₂~b2","NA2~b2, NA₂~b2","NA₂"
"𒤮","NA₂~c","NA2~c, NA₂~c","NA₂"
"𒤯","NAB","NAB, NAB","NAB"
"𒤰","NAGA~a","NAGA~a, NAGA~a","NAGA"
"𒤲","NAGA~b","NAGA~b, NAGA~b","NAGA"
"𒤳","NAGAR~a","NAGAR~a, NAGAR~a","NAGAR"
"𒤴","NAGAR~b","NAGAR~b, NAGAR~b","NAGAR"
"𒤵","NAM~a","NAM~a, NAM~a","NAM"
"𒤶","NAM~b","NAM~b, NAM~b","NAM"
"𒤷","NAM~c","NAM~c, NAM~c","NAM"
"𒤸","NAM~d","NAM~d, NAM~d","NAM"
"𒤹","NAM₂","NAM2, NAM₂","NAM₂"
"𒤻","NAM₂@g","NAM2@g, NAM₂@g","NAM₂"
"𒤼","NAM₂@t","NAM2@t, NAM₂@t","NAM₂"
"𒤽","NANŠE~a","NANŠE~a, NANŠE~a","NANŠE"
"𒤾","NANŠE~b","NANŠE~b, NANŠE~b","NANŠE"
"𒤿","NAR","NAR, NAR","NAR"
"𒥀","NE~a","NE~a, NE~a","NE"
"𒥁","NE~b","NE~b, NE~b","NE"
"𒥂","NE~c","NE~c, NE~c","NE"
"𒥃","NE~d","NE~d, NE~d","NE"
"𒥄","NESAG₂~a","NESAG2~a, NESAG₂~a","NESAG₂"
"󲔱","NESAG₂~a2","NESAG2~a2, NESAG₂~a2","NESAG₂"
"𒥅","NESAG₂~b","NESAG2~b, NESAG₂~b","NESAG₂"
"󲑚","NESAG₂~b@t","NESAG2~b@t, NESAG₂~b@t","NESAG₂"
"𒥆","NI~a","NI~a, NI~a","NI"
"𒥇","NI~a@g","NI~a@g, NI~a@g","NI"
"𒥈","NI~b","NI~b, NI~b","NI"
"𒥋","NI₂","NI2, NI₂","NI₂"
"𒥌","NIGIN","NIGIN, NIGIN","NIGIN"
"𒥍","NIM~a","NIM~a, NIM~a","NIM"
"𒥎","NIM~b1","NIM~b1, NIM~b1","NIM"
"𒥏","NIM~b2","NIM~b2, NIM~b2","NIM"
"𒥐","NIM~b3","NIM~b3, NIM~b3","NIM"
"󲔲","NIM~d","NIM~d, NIM~d","NIM"
"𒥑","NIMGIR","NIMGIR, NIMGIR","NIMGIR"
"𒥒","NINDA₂","NINDA2, NINDA₂","NINDA₂"
"𒥩","NIR~a","NIR~a, NIR~a","NIR"
"𒥫","NIR~b","NIR~b, NIR~b","NIR"
"𒥬","NU","NU, NU","NU"
"𒥭","NU@g","NU@g, NU@g","NU"
"𒥮","NU₁₁","NU11, NU₁₁","NU₁₁"
"𒥰","NU₁₁@t","NU11@t, NU₁₁@t","NU₁₁"
"𒥱","NUMUN","NUMUN, NUMUN","NUMUN"
"󲑤","NUMUN₂","NUMUN2, NUMUN₂","NUMUN₂"
"𒥲","NUN~a","NUN~a, NUN~a","NUN"
"𒥸","NUN~b","NUN~b, NUN~b","NUN"
"𒥺","NUN~c","NUN~c, NUN~c","NUN"
"𒥻","NUN~d","NUN~d, NUN~d","NUN"
"𒥼","NUNUZ~a0","NUNUZ~a0, NUNUZ~a0","NUNUZ0"
"𒥽","NUNUZ~a1","NUNUZ~a1, NUNUZ~a1","NUNUZ"
"󲑥","NUNUZ~a1@t","NUNUZ~a1@t, NUNUZ~a1@t","NUNUZ"
"𒥾","NUNUZ~a2","NUNUZ~a2, NUNUZ~a2","NUNUZ"
"𒥿","NUNUZ~b1","NUNUZ~b1, NUNUZ~b1","NUNUZ"
"󲑦","NUNUZ~b2","NUNUZ~b2, NUNUZ~b2","NUNUZ"
"𒦀","NUNUZ~c","NUNUZ~c, NUNUZ~c","NUNUZ"
"𒦁","PA~a","PA~a, PA~a","PA"
"𒦂","PA~b","PA~b, PA~b","PA"
"𒦃","PAD~a","PAD~a, PAD~a","PAD"
"𒦄","PAD~b","PAD~b, PAD~b","PAD"
"𒦅","PAP~a","PAP~a, PAP~a","PAP"
"𒦆","PAP~a@t","PAP~a@t, PAP~a@t","PAP"
"𒦇","PAP~b","PAP~b, PAP~b","PAP"
"𒦈","PIRIG~a1","PIRIG~a1, PIRIG~a1","PIRIG"
"𒦉","PIRIG~a2","PIRIG~a2, PIRIG~a2","PIRIG"
"𒦊","PIRIG~a3","PIRIG~a3, PIRIG~a3","PIRIG"
"𒦋","PIRIG~b1","PIRIG~b1, PIRIG~b1","PIRIG"
"𒦍","PIRIG~b2","PIRIG~b2, PIRIG~b2","PIRIG"
"𒦎","PU₂","PU2, PU₂","PU₂"
"𒦏","RA","RA, RA","RA"
"𒦐","RAD~a","RAD~a, RAD~a","RAD"
"𒦑","RAD~a@g","RAD~a@g, RAD~a@g","RAD"
"󲑨","RAD~a@t","RAD~a@t, RAD~a@t","RAD"
"𒦒","RAD~b","RAD~b, RAD~b","RAD"
"𒦓","RI₈~a","RI8~a, RI₈~a","RI₈"
"𒦔","RI₈~b","RI8~b, RI₈~b","RI₈"
"𒦕","RU","RU, RU","RU"
"𒦖","SA~a","SA~a, SA~a","SA"
"𒦗","SA~c","SA~c, SA~c","SA"
"𒦘","SAG","SAG, SAG","SAG"
"𒦞","SAG@g","SAG@g, SAG@g","SAG"
"𒦟","SAG@n","SAG@n, SAG@n","SAG"
"𒦠","SAGŠU","SAGŠU, SAGŠU","SAGŠU"
"𒦡","SAL","SAL, SAL","SAL"
"𒦣","SANGA~a","SANGA~a, SANGA~a","SANGA"
"𒦤","SANGA~b","SANGA~b, SANGA~b","SANGA"
"𒦥","SANGA~c","SANGA~c, SANGA~c","SANGA"
"𒦦","SANGA~e","SANGA~e, SANGA~e","SANGA"
"𒦧","SAR~a","SAR~a, SAR~a","SAR"
"𒦩","SAR~b","SAR~b, SAR~b","SAR"
"𒦪","SAR~c","SAR~c, SAR~c","SAR"
"𒦫","SAR~d","SAR~d, SAR~d","SAR"
"𒦬","SI","SI, SI","SI"
"𒦵","SI₄~a","SI4~a, SI₄~a","SI₄"
"𒦶","SI₄~b","SI4~b, SI₄~b","SI₄"
"𒦷","SI₄~c","SI4~c, SI₄~c","SI₄"
"𒦸","SI₄~d","SI4~d, SI₄~d","SI₄"
"𒦹","SI₄~f","SI4~f, SI₄~f","SI₄"
"𒦺","SIG","SIG, SIG","SIG"
"󲑬","SIG@g","SIG@g, SIG@g","SIG"
"󲔳","SIG~b","SIG~b, SIG~b","SIG"
"𒦻","SIG₂~a1","SIG2~a1, SIG₂~a1","SIG₂"
"𒦼","SIG₂~a2","SIG2~a2, SIG₂~a2","SIG₂"
"𒦽","SIG₂~a3","SIG2~a3, SIG₂~a3","SIG₂"
"𒦾","SIG₂~a4","SIG2~a4, SIG₂~a4","SIG₂"
"𒦿","SIG₂~b","SIG2~b, SIG₂~b","SIG₂"
"𒧁","SIG₂~c1","SIG2~c1, SIG₂~c1","SIG₂"
"𒧂","SIG₂~c2","SIG2~c2, SIG₂~c2","SIG₂"
"𒧃","SIG₂~d1","SIG2~d1, SIG₂~d1","SIG₂"
"𒧄","SIG₂~d2","SIG2~d2, SIG₂~d2","SIG₂"
"𒧅","SIG₂~d3","SIG2~d3, SIG₂~d3","SIG₂"
"𒧆","SIG₂~d4","SIG2~d4, SIG₂~d4","SIG₂"
"𒧇","SIG₂~e","SIG2~e, SIG₂~e","SIG₂"
"𒧈","SIG₄","SIG4, SIG₄","SIG₄"
"𒧉","SIG₇","SIG7, SIG₇","SIG₇"
"𒧊","SILA₃~a","SILA3~a, SILA₃~a","SILA₃"
"𒧫","SILA₃~b","SILA3~b, SILA₃~b","SILA₃"
"󲑲","SILA₃~c","SILA3~c, SILA₃~c","SILA₃"
"𒧱","SILA₄~a","SILA4~a, SILA₄~a","SILA₄"
"𒧲","SILA₄~b","SILA4~b, SILA₄~b","SILA₄"
"𒧳","SILA₄~c","SILA4~c, SILA₄~c","SILA₄"
"𒧴","SILA₄~d","SILA4~d, SILA₄~d","SILA₄"
"𒧵","SILANITA","SILANITA, SILANITA","SILANITA"
"𒧶","SIMUG","SIMUG, SIMUG","SIMUG"
"𒧷","SU~a","SU~a, SU~a","SU"
"𒧹","SU~b","SU~b, SU~b","SU"
"𒧺","SU~c","SU~c, SU~c","SU"
"𒧻","SU₃","SU3, SU₃","SU₃"
"𒧼","SUG","SUG, SUG","SUG"
"𒧽","SUG₅","SUG5, SUG₅","SUG₅"
"𒧾","SUH₃","SUH3, SUH₃","SUH₃"
"𒧿","SUHUR","SUHUR, SUHUR","SUHUR"
"𒨀","SUHUR@g","SUHUR@g, SUHUR@g","SUHUR"
"𒨁","SUHUR@n","SUHUR@n, SUHUR@n","SUHUR"
"𒨂","SUHUR@t","SUHUR@t, SUHUR@t","SUHUR"
"𒨃","SUKKAL","SUKKAL, SUKKAL","SUKKAL"
"𒨄","SUKUD","SUKUD, SUKUD","SUKUD"
"𒨇","SUKUD@g~a","SUKUD@g~a, SUKUD@g~a","SUKUD"
"𒨈","SUKUD@g~b","SUKUD@g~b, SUKUD@g~b","SUKUD"
"𒨉","SUKUD@g~c","SUKUD@g~c, SUKUD@g~c","SUKUD"
"𒨊","SUKUD@g~d","SUKUD@g~d, SUKUD@g~d","SUKUD"
"󲔜","SUKUD@h","SUKUD@h, SUKUD@h","SUKUD"
"𒨋","SUM~a","SUM~a, SUM~a","SUM"
"󲑶","SUM~a@t","SUM~a@t, SUM~a@t","SUM"
"𒨌","SUM~b","SUM~b, SUM~b","SUM"
"𒨍","SUMAŠ","SUMAŠ, SUMAŠ","SUMAŠ"
"𒨎","SUR","SUR, SUR","SUR"
"𒨏","ŠA","ŠA, ŠA","ŠA"
"𒨒","ŠA@g","ŠA@g, ŠA@g","ŠA"
"𒨓","ŠA₃~a1","ŠA3~a1, ŠA₃~a1","ŠA₃"
"𒨔","ŠA₃~a2","ŠA3~a2, ŠA₃~a2","ŠA₃"
"𒨕","ŠA₃~a2@g","ŠA3~a2@g, ŠA₃~a2@g","ŠA₃"
"𒨖","ŠA₃~b","ŠA3~b, ŠA₃~b","ŠA₃"
"𒨗","ŠA₃~c","ŠA3~c, ŠA₃~c","ŠA₃"
"𒨘","ŠA₃~d","ŠA3~d, ŠA₃~d","ŠA₃"
"𒨙","ŠAGAN","ŠAGAN, ŠAGAN","ŠAGAN"
"𒨚","ŠAGINA","ŠAGINA, ŠAGINA","ŠAGINA"
"𒨛","ŠAH₂~a","ŠAH2~a, ŠAH₂~a","ŠAH₂"
"𒨜","ŠAH₂~b","ŠAH2~b, ŠAH₂~b","ŠAH₂"
"𒨝","ŠAH₂~c","ŠAH2~c, ŠAH₂~c","ŠAH₂"
"𒨞","ŠAKIR~a","ŠAKIR~a, ŠAKIR~a","ŠAKIR"
"𒨟","ŠAKIR~b","ŠAKIR~b, ŠAKIR~b","ŠAKIR"
"𒨠","ŠAKIR~c","ŠAKIR~c, ŠAKIR~c","ŠAKIR"
"𒨡","ŠAM₂","ŠAM2, ŠAM₂","ŠAM₂"
"𒨢","ŠE~a","ŠE~a, ŠE~a","ŠE"
"𒨤","ŠE~a@t","ŠE~a@t, ŠE~a@t","ŠE"
"𒨥","ŠE~b","ŠE~b, ŠE~b","ŠE"
"𒨦","ŠE~c","ŠE~c, ŠE~c","ŠE"
"𒨧","ŠE₃","ŠE3, ŠE₃","ŠE₃"
"𒨨","ŠE₃@t","ŠE3@t, ŠE₃@t","ŠE₃"
"𒨩","ŠEG₉","ŠEG9, ŠEG₉","ŠEG₉"
"𒨪","ŠEN~a","ŠEN~a, ŠEN~a","ŠEN"
"𒨫","ŠEN~b","ŠEN~b, ŠEN~b","ŠEN"
"𒨬","ŠEN~c","ŠEN~c, ŠEN~c","ŠEN"
"𒨭","ŠEN~c@t","ŠEN~c@t, ŠEN~c@t","ŠEN"
"𒨮","ŠEN~e","ŠEN~e, ŠEN~e","ŠEN"
"𒨰","ŠENNUR~a","ŠENNUR~a, ŠENNUR~a","ŠENNUR"
"𒨱","ŠENNUR~b","ŠENNUR~b, ŠENNUR~b","ŠENNUR"
"𒨲","ŠEŠ~a","ŠEŠ~a, ŠEŠ~a","ŠEŠ"
"𒨳","ŠEŠ~b","ŠEŠ~b, ŠEŠ~b","ŠEŠ"
"𒨴","ŠIDIM","ŠIDIM, ŠIDIM","ŠIDIM"
"󲑷","ŠIDIM@t","ŠIDIM@t, ŠIDIM@t","ŠIDIM"
"𒨵","ŠIM~a","ŠIM~a, ŠIM~a","ŠIM"
"𒨶","ŠIM~b","ŠIM~b, ŠIM~b","ŠIM"
"𒨷","ŠIR~a","ŠIR~a, ŠIR~a","ŠIR"
"𒨸","ŠIR~b","ŠIR~b, ŠIR~b","ŠIR"
"𒩃","ŠITA@g~a","ŠITA@g~a, ŠITA@g~a","ŠITA"
"𒩅","ŠITA@g~b","ŠITA@g~b, ŠITA@g~b","ŠITA"
"𒨹","ŠITA~a1","ŠITA~a1, ŠITA~a1","ŠITA"
"𒨼","ŠITA~a2","ŠITA~a2, ŠITA~a2","ŠITA"
"𒨽","ŠITA~a3","ŠITA~a3, ŠITA~a3","ŠITA"
"𒨾","ŠITA~b1","ŠITA~b1, ŠITA~b1","ŠITA"
"𒨿","ŠITA~b2","ŠITA~b2, ŠITA~b2","ŠITA"
"𒩁","ŠITA~b3","ŠITA~b3, ŠITA~b3","ŠITA"
"𒩆","ŠU","ŠU, ŠU","ŠU"
"𒩉","ŠU@g","ŠU@g, ŠU@g","ŠU"
"𒩋","ŠU₁₂","ŠU12, ŠU₁₂","ŠU₁₂"
"𒩊","ŠU₂","ŠU2, ŠU₂","ŠU₂"
"𒩌","ŠUBUR","ŠUBUR, ŠUBUR","ŠUBUR"
"𒩍","ŠUM","ŠUM, ŠUM","ŠUM"
"𒩏","ŠUR₂~a","ŠUR2~a, ŠUR₂~a","ŠUR₂"
"𒩐","ŠUR₂~b","ŠUR2~b, ŠUR₂~b","ŠUR₂"
"󲔴","ŠUR₂~c","ŠUR2~c, ŠUR₂~c","ŠUR₂"
"𒩑","TA~a","TA~a, TA~a","TA"
"𒩒","TA~b","TA~b, TA~b","TA"
"𒩓","TA~c","TA~c, TA~c","TA"
"𒩔","TA~d","TA~d, TA~d","TA"
"𒩕","TA~e","TA~e, TA~e","TA"
"𒩖","TAG~a1","TAG~a1, TAG~a1","TAG"
"𒩗","TAG~a1@t","TAG~a1@t, TAG~a1@t","TAG"
"𒩘","TAG~a2","TAG~a2, TAG~a2","TAG"
"𒩙","TAG~a3","TAG~a3, TAG~a3","TAG"
"𒩚","TAG~a4","TAG~a4, TAG~a4","TAG"
"𒩛","TAG~b","TAG~b, TAG~b","TAG"
"𒩜","TAG~c","TAG~c, TAG~c","TAG"
"𒩝","TAG~d","TAG~d, TAG~d","TAG"
"𒩞","TAK₄~a","TAK4~a, TAK₄~a","TAK₄"
"𒩟","TAK₄~a@n","TAK4~a@n, TAK₄~a@n","TAK₄"
"𒩠","TAK₄~c","TAK4~c, TAK₄~c","TAK₄"
"𒩡","TAR~a","TAR~a, TAR~a","TAR"
"𒩢","TE","TE, TE","TE"
"𒩣","TI","TI, TI","TI"
"𒩤","TI@g","TI@g, TI@g","TI"
"𒩥","TI@r","TI@r, TI@r","TI"
"𒩦","TI@t","TI@t, TI@t","TI"
"𒩧","TILLA₂","TILLA2, TILLA₂","TILLA₂"
"𒩨","TU~a","TU~a, TU~a","TU"
"𒩩","TU~b","TU~b, TU~b","TU"
"𒩪","TU~c","TU~c, TU~c","TU"
"𒩫","TUG₂~a","TUG2~a, TUG₂~a","TUG₂"
"𒩬","TUG₂~a@g","TUG2~a@g, TUG₂~a@g","TUG₂"
"𒩭","TUG₂~b","TUG2~b, TUG₂~b","TUG₂"
"𒩮","TUG₂~c","TUG2~c, TUG₂~c","TUG₂"
"󲑽","TUG₂~d","TUG2~d, TUG₂~d","TUG₂"
"𒩯","TUM~a","TUM~a, TUM~a","TUM"
"𒩰","TUM~a@g","TUM~a@g, TUM~a@g","TUM"
"𒩱","TUM~b","TUM~b, TUM~b","TUM"
"𒩲","TUM~c","TUM~c, TUM~c","TUM"
"𒩳","TUM~d","TUM~d, TUM~d","TUM"
"𒩴","TUN₃~a","TUN3~a, TUN₃~a","TUN₃"
"𒩵","TUN₃~b","TUN3~b, TUN₃~b","TUN₃"
"𒩶","TUN₃~c","TUN3~c, TUN₃~c","TUN₃"
"𒩷","TUR","TUR, TUR","TUR"
"𒩸","TUR@g","TUR@g, TUR@g","TUR"
"𒩹","TUR₃~a","TUR3~a, TUR₃~a","TUR₃"
"󲑾","TUR₃~a@n","TUR3~a@n, TUR₃~a@n","TUR₃"
"𒩺","TUR₃~b","TUR3~b, TUR₃~b","TUR₃"
"𒩻","TUR₃~c","TUR3~c, TUR₃~c","TUR₃"
"𒩼","U₂~a","U2~a, U₂~a","U₂"
"𒩽","U₂~b","U2~b, U₂~b","U₂"
"𒩾","U₂~c","U2~c, U₂~c","U₂"
"𒩿","U₄","U4, U₄","U₄"
"𒪙","U₄@t","U4@t, U₄@t","U₄"
"𒪚","U₈","U8, U₈","U₈"
"𒪜","UB","UB, UB","UB"
"𒪝","UBI~a","UBI~a, UBI~a","UBI"
"𒪞","UBI~c","UBI~c, UBI~c","UBI"
"𒪟","UBI~d","UBI~d, UBI~d","UBI"
"𒪠","UD₅~a","UD5~a, UD₅~a","UD₅"
"𒪡","UD₅~a@g","UD5~a@g, UD₅~a@g","UD₅"
"𒪢","UD₅~b","UD5~b, UD₅~b","UD₅"
"𒪣","UD₅~c","UD5~c, UD₅~c","UD₅"
"𒪤","UDU~a","UDU~a, UDU~a","UDU"
"󲒆","UDU~b","UDU~b, UDU~b","UDU"
"𒪧","UDU~c","UDU~c, UDU~c","UDU"
"𒪨","UDUNITA~a","UDUNITA~a, UDUNITA~a","UDUNITA"
"𒪩","UDUNITA~b","UDUNITA~b, UDUNITA~b","UDUNITA"
"𒪪","UDUNITA~c","UDUNITA~c, UDUNITA~c","UDUNITA"
"󲒇","UH","UH, UH","UH"
"𒪫","UH₃~a","UH3~a, UH₃~a","UH₃"
"𒪬","UH₃~a@t","UH3~a@t, UH₃~a@t","UH₃"
"𒪭","UH₃~b","UH3~b, UH₃~b","UH₃"
"𒪮","UKKIN~a","UKKIN~a, UKKIN~a","UKKIN"
"𒪯","UKKIN~b","UKKIN~b, UKKIN~b","UKKIN"
"𒪷","UKKIN~c","UKKIN~c, UKKIN~c","UKKIN"
"󲔵","UKKIN~d","UKKIN~d, UKKIN~d","UKKIN"
"𒪸","UMBIN~a","UMBIN~a, UMBIN~a","UMBIN"
"𒪹","UMBIN~b1","UMBIN~b1, UMBIN~b1","UMBIN"
"𒪺","UMBIN~b2","UMBIN~b2, UMBIN~b2","UMBIN"
"𒪻","UMBIN~c","UMBIN~c, UMBIN~c","UMBIN"
"𒪼","UMUN₂","UMUN2, UMUN₂","UMUN₂"
"𒪽","UNUG~a","UNUG~a, UNUG~a","UNUG"
"𒪿","UNUG~a@s","UNUG~a@s, UNUG~a@s","UNUG"
"𒫀","UNUG~b","UNUG~b, UNUG~b","UNUG"
"𒫁","UNUG~c","UNUG~c, UNUG~c","UNUG"
"𒫂","UR~a","UR~a, UR~a","UR"
"𒫃","UR~a@g","UR~a@g, UR~a@g","UR"
"𒫄","UR~b","UR~b, UR~b","UR"
"𒫅","UR~c","UR~c, UR~c","UR"
"𒫆","UR₂","UR2, UR₂","UR₂"
"𒫉","UR₃~a1","UR3~a1, UR₃~a1","UR₃"
"𒫊","UR₃~a2","UR3~a2, UR₃~a2","UR₃"
"𒫋","UR₃~a3","UR3~a3, UR₃~a3","UR₃"
"𒫌","UR₃~b1","UR3~b1, UR₃~b1","UR₃"
"𒫍","UR₃~b2","UR3~b2, UR₃~b2","UR₃"
"󲔶","UR₃~d2","UR3~d2, UR₃~d2","UR₃"
"𒫎","UR₄~a","UR4~a, UR₄~a","UR₄"
"𒫏","UR₄~b","UR4~b, UR₄~b","UR₄"
"𒫐","UR₄~c","UR4~c, UR₄~c","UR₄"
"𒫑","UR₅~a","UR5~a, UR₅~a","UR₅"
"𒫒","UR₅~b","UR5~b, UR₅~b","UR₅"
"𒫓","URI","URI, URI","URI"
"𒫔","URI₃~a","URI3~a, URI₃~a","URI₃"
"𒫕","URI₅","URI5, URI₅","URI₅"
"𒫖","URU~a1","URU~a1, URU~a1","URU"
"󲒍","URU~a1@n","URU~a1@n, URU~a1@n","URU"
"𒫝","URU~a2","URU~a2, URU~a2","URU"
"𒫠","URU~b1","URU~b1, URU~b1","URU"
"𒫡","URU~b2","URU~b2, URU~b2","URU"
"𒫢","URU~c","URU~c, URU~c","URU"
"𒫦","URUDU@g~a","URUDU@g~a, URUDU@g~a","URUDU"
"󲒎","URUDU@g~b","URUDU@g~b, URUDU@g~b","URUDU"
"𒫧","URUDU@g~c","URUDU@g~c, URUDU@g~c","URUDU"
"𒫨","URUDU@g~d","URUDU@g~d, URUDU@g~d","URUDU"
"𒫣","URUDU~a","URUDU~a, URUDU~a","URUDU"
"𒫤","URUDU~c","URUDU~c, URUDU~c","URUDU"
"𒫥","URUDU~d","URUDU~d, URUDU~d","URUDU"
"𒫩","UŠ~a","UŠ~a, UŠ~a","UŠ"
"𒫫","UŠ~b","UŠ~b, UŠ~b","UŠ"
"𒫮","UŠUR₃~b1","UŠUR3~b1, UŠUR₃~b1","UŠUR₃"
"𒫯","UŠUR₃~b2","UŠUR3~b2, UŠUR₃~b2","UŠUR₃"
"𒫰","UTUA~a","UTUA~a, UTUA~a","UTUA"
"𒫱","UTUA~a@t","UTUA~a@t, UTUA~a@t","UTUA"
"𒫲","UTUA~b","UTUA~b, UTUA~b","UTUA"
"𒫳","UTUL~a","UTUL~a, UTUL~a","UTUL"
"𒫴","UTUL~b","UTUL~b, UTUL~b","UTUL"
"𒫵","UTUL~c","UTUL~c, UTUL~c","UTUL"
"𒫶","UTUL~d","UTUL~d, UTUL~d","UTUL"
"𒫷","UZU","UZU, UZU","UZU"
,"X","X, X","X"
,"X₂","X2, X₂","X₂"
"𒫸","ZA","ZA, ZA","ZA"
"𒫹","ZAG~a","ZAG~a, ZAG~a","ZAG"
"𒫺","ZAG~b","ZAG~b, ZAG~b","ZAG"
"𒫻","ZAG~c","ZAG~c, ZAG~c","ZAG"
"𒫼","ZAR~a","ZAR~a, ZAR~a","ZAR"
"𒫽","ZAR~b1","ZAR~b1, ZAR~b1","ZAR"
"𒫾","ZAR~b2","ZAR~b2, ZAR~b2","ZAR"
"𒫿","ZAR~c","ZAR~c, ZAR~c","ZAR"
"𒬄","ZATU620","ZATU620, ZATU620","ZATU620"
"𒬅","ZATU621~a","ZATU621~a, ZATU621~a","ZATU621"
"𒬆","ZATU621~b","ZATU621~b, ZATU621~b","ZATU621"
"𒬇","ZATU621~c","ZATU621~c, ZATU621~c","ZATU621"
"𒬈","ZATU621~d","ZATU621~d, ZATU621~d","ZATU621"
"𒬉","ZATU622","ZATU622, ZATU622","ZATU622"
"𒬊","ZATU623","ZATU623, ZATU623","ZATU623"
"𒬋","ZATU624~a","ZATU624~a, ZATU624~a","ZATU624"
"𒬌","ZATU624~b","ZATU624~b, ZATU624~b","ZATU624"
"󲒏","ZATU624~c","ZATU624~c, ZATU624~c","ZATU624"
"𒬍","ZATU625","ZATU625, ZATU625","ZATU625"
"𒬎","ZATU626~a","ZATU626~a, ZATU626~a","ZATU626"
"𒬏","ZATU626~b","ZATU626~b, ZATU626~b","ZATU626"
"𒬐","ZATU626~c","ZATU626~c, ZATU626~c","ZATU626"
"󲒐","ZATU627","ZATU627, ZATU627","ZATU627"
"𒬑","ZATU628~a","ZATU628~a, ZATU628~a","ZATU628"
"𒬒","ZATU628~b","ZATU628~b, ZATU628~b","ZATU628"
"𒬓","ZATU629","ZATU629, ZATU629","ZATU629"
"𒬔","ZATU630","ZATU630, ZATU630","ZATU630"
"𒬕","ZATU631","ZATU631, ZATU631","ZATU631"
"𒬖","ZATU632~a","ZATU632~a, ZATU632~a","ZATU632"
"𒬗","ZATU632~b","ZATU632~b, ZATU632~b","ZATU632"
"󲒑","ZATU632~c","ZATU632~c, ZATU632~c","ZATU632"
"𒬘","ZATU633~a","ZATU633~a, ZATU633~a","ZATU633"
"𒬙","ZATU633~b","ZATU633~b, ZATU633~b","ZATU633"
"󲒒","ZATU634","ZATU634, ZATU634","ZATU634"
"𒬚","ZATU635","ZATU635, ZATU635","ZATU635"
"𒬛","ZATU636","ZATU636, ZATU636","ZATU636"
"𒬜","ZATU637","ZATU637, ZATU637","ZATU637"
"𒬝","ZATU639","ZATU639, ZATU639","ZATU639"
"󲒓","ZATU640","ZATU640, ZATU640","ZATU640"
"𒬞","ZATU641","ZATU641, ZATU641","ZATU641"
"𒬟","ZATU642","ZATU642, ZATU642","ZATU642"
"𒬠","ZATU643","ZATU643, ZATU643","ZATU643"
"𒬡","ZATU644~a","ZATU644~a, ZATU644~a","ZATU644"
"𒬢","ZATU644~b","ZATU644~b, ZATU644~b","ZATU644"
"𒬣","ZATU646","ZATU646, ZATU646","ZATU646"
"𒬤","ZATU647","ZATU647, ZATU647","ZATU647"
"𒬥","ZATU648","ZATU648, ZATU648","ZATU648"
"𒬦","ZATU649","ZATU649, ZATU649","ZATU649"
"󲒕","ZATU650","ZATU650, ZATU650","ZATU650"
"𒬧","ZATU651","ZATU651, ZATU651","ZATU651"
"𒬮","ZATU651@g","ZATU651@g, ZATU651@g","ZATU651"
"𒬯","ZATU659","ZATU659, ZATU659","ZATU659"
"󲕂","ZATU659@t","ZATU659@t, ZATU659@t","ZATU659"
"𒬳","ZATU662","ZATU662, ZATU662","ZATU662"
"𒬵","ZATU664","ZATU664, ZATU664","ZATU664"
"𒬶","ZATU665","ZATU665, ZATU665","ZATU665"
"𒬷","ZATU666","ZATU666, ZATU666","ZATU666"
"𒬸","ZATU667","ZATU667, ZATU667","ZATU667"
"𒬹","ZATU668","ZATU668, ZATU668","ZATU668"
"𒬺","ZATU669","ZATU669, ZATU669","ZATU669"
"󲒘","ZATU670","ZATU670, ZATU670","ZATU670"
"𒬻","ZATU672","ZATU672, ZATU672","ZATU672"
"𒬼","ZATU674","ZATU674, ZATU674","ZATU674"
"𒬽","ZATU675~a","ZATU675~a, ZATU675~a","ZATU675"
"𒬾","ZATU675~b","ZATU675~b, ZATU675~b","ZATU675"
"𒬿","ZATU675~c","ZATU675~c, ZATU675~c","ZATU675"
"𒭀","ZATU675~d","ZATU675~d, ZATU675~d","ZATU675"
"𒭁","ZATU676~a","ZATU676~a, ZATU676~a","ZATU676"
"𒭂","ZATU676~b","ZATU676~b, ZATU676~b","ZATU676"
"𒭃","ZATU677~a","ZATU677~a, ZATU677~a","ZATU677"
"𒭄","ZATU677~b","ZATU677~b, ZATU677~b","ZATU677"
"𒭅","ZATU678","ZATU678, ZATU678","ZATU678"
"𒭆","ZATU679","ZATU679, ZATU679","ZATU679"
"𒭇","ZATU680~a1","ZATU680~a1, ZATU680~a1","ZATU680"
"𒭈","ZATU680~a2","ZATU680~a2, ZATU680~a2","ZATU680"
"𒭉","ZATU680~b","ZATU680~b, ZATU680~b","ZATU680"
"𒭊","ZATU680~d","ZATU680~d, ZATU680~d","ZATU680"
"𒭋","ZATU680~e","ZATU680~e, ZATU680~e","ZATU680"
"𒭌","ZATU681","ZATU681, ZATU681","ZATU681"
"𒭍","ZATU682","ZATU682, ZATU682","ZATU682"
"󲒙","ZATU683@t","ZATU683@t, ZATU683@t","ZATU683"
"𒭎","ZATU683~a","ZATU683~a, ZATU683~a","ZATU683"
"𒭏","ZATU683~b","ZATU683~b, ZATU683~b","ZATU683"
"𒭐","ZATU684","ZATU684, ZATU684","ZATU684"
"𒭑","ZATU685","ZATU685, ZATU685","ZATU685"
"𒭒","ZATU686~a","ZATU686~a, ZATU686~a","ZATU686"
"𒭓","ZATU686~b","ZATU686~b, ZATU686~b","ZATU686"
"𒭔","ZATU686~c","ZATU686~c, ZATU686~c","ZATU686"
"𒭕","ZATU687","ZATU687, ZATU687","ZATU687"
"𒭖","ZATU688~a","ZATU688~a, ZATU688~a","ZATU688"
"𒭗","ZATU688~b","ZATU688~b, ZATU688~b","ZATU688"
"𒭘","ZATU689","ZATU689, ZATU689","ZATU689"
"𒭙","ZATU690","ZATU690, ZATU690","ZATU690"
"𒭚","ZATU691","ZATU691, ZATU691","ZATU691"
"𒭛","ZATU692","ZATU692, ZATU692","ZATU692"
"𒭜","ZATU693","ZATU693, ZATU693","ZATU693"
"𒭝","ZATU693@t","ZATU693@t, ZATU693@t","ZATU693"
"𒭞","ZATU694~a","ZATU694~a, ZATU694~a","ZATU694"
"𒭟","ZATU694~b","ZATU694~b, ZATU694~b","ZATU694"
"𒭠","ZATU694~c","ZATU694~c, ZATU694~c","ZATU694"
"𒭡","ZATU694~d","ZATU694~d, ZATU694~d","ZATU694"
"𒭢","ZATU694~d@t","ZATU694~d@t, ZATU694~d@t","ZATU694"
"𒭣","ZATU695","ZATU695, ZATU695","ZATU695"
"𒭤","ZATU696","ZATU696, ZATU696","ZATU696"
"𒭥","ZATU697~a","ZATU697~a, ZATU697~a","ZATU697"
"𒭦","ZATU697~b","ZATU697~b, ZATU697~b","ZATU697"
"󲒚","ZATU697~c","ZATU697~c, ZATU697~c","ZATU697"
"󲒛","ZATU699~a","ZATU699~a, ZATU699~a","ZATU699"
"𒭧","ZATU699~b","ZATU699~b, ZATU699~b","ZATU699"
"𒭨","ZATU700","ZATU700, ZATU700","ZATU700"
"𒭩","ZATU701","ZATU701, ZATU701","ZATU701"
"𒭪","ZATU702","ZATU702, ZATU702","ZATU702"
"𒭫","ZATU703","ZATU703, ZATU703","ZATU703"
"󲒜","ZATU704","ZATU704, ZATU704","ZATU704"
"𒭬","ZATU705","ZATU705, ZATU705","ZATU705"
"𒭭","ZATU706","ZATU706, ZATU706","ZATU706"
"𒭮","ZATU707~a","ZATU707~a, ZATU707~a","ZATU707"
"𒭯","ZATU707~b","ZATU707~b, ZATU707~b","ZATU707"
"𒭰","ZATU708","ZATU708, ZATU708","ZATU708"
"𒭱","ZATU709","ZATU709, ZATU709","ZATU709"
"𒭲","ZATU710","ZATU710, ZATU710","ZATU710"
"𒭳","ZATU711","ZATU711, ZATU711","ZATU711"
"𒭵","ZATU713","ZATU713, ZATU713","ZATU713"
"𒭶","ZATU714","ZATU714, ZATU714","ZATU714"
"𒭸","ZATU717","ZATU717, ZATU717","ZATU717"
"𒭹","ZATU718","ZATU718, ZATU718","ZATU718"
"𒭺","ZATU719","ZATU719, ZATU719","ZATU719"
"𒭻","ZATU720","ZATU720, ZATU720","ZATU720"
"𒭼","ZATU721","ZATU721, ZATU721","ZATU721"
"𒭽","ZATU722","ZATU722, ZATU722","ZATU722"
"𒭾","ZATU723","ZATU723, ZATU723","ZATU723"
"󲒟","ZATU724","ZATU724, ZATU724","ZATU724"
"𒭿","ZATU725","ZATU725, ZATU725","ZATU725"
"𒮀","ZATU726~a","ZATU726~a, ZATU726~a","ZATU726"
"𒮁","ZATU726~c","ZATU726~c, ZATU726~c","ZATU726"
"𒮂","ZATU726~d","ZATU726~d, ZATU726~d","ZATU726"
"𒮃","ZATU727","ZATU727, ZATU727","ZATU727"
"𒮄","ZATU728","ZATU728, ZATU728","ZATU728"
"𒮅","ZATU729","ZATU729, ZATU729","ZATU729"
"𒮆","ZATU730","ZATU730, ZATU730","ZATU730"
"𒮇","ZATU732","ZATU732, ZATU732","ZATU732"
"󲒠","ZATU733","ZATU733, ZATU733","ZATU733"
"𒮈","ZATU734","ZATU734, ZATU734","ZATU734"
"𒮉","ZATU735~a","ZATU735~a, ZATU735~a","ZATU735"
"𒮊","ZATU735~b","ZATU735~b, ZATU735~b","ZATU735"
"𒮋","ZATU735~c","ZATU735~c, ZATU735~c","ZATU735"
"𒮌","ZATU736~a","ZATU736~a, ZATU736~a","ZATU736"
"𒮍","ZATU736~b","ZATU736~b, ZATU736~b","ZATU736"
"𒮎","ZATU737","ZATU737, ZATU737","ZATU737"
"𒮞","ZATU749~a","ZATU749~a, ZATU749~a","ZATU749"
"𒮟","ZATU749~b","ZATU749~b, ZATU749~b","ZATU749"
"𒮠","ZATU749~c","ZATU749~c, ZATU749~c","ZATU749"
"𒮡","ZATU750","ZATU750, ZATU750","ZATU750"
"𒮢","ZATU751~a","ZATU751~a, ZATU751~a","ZATU751"
"𒮣","ZATU751~b","ZATU751~b, ZATU751~b","ZATU751"
"𒮥","ZATU752","ZATU752, ZATU752","ZATU752"
"𒮦","ZATU753","ZATU753, ZATU753","ZATU753"
"𒮧","ZATU754","ZATU754, ZATU754","ZATU754"
"𒮨","ZATU755~a","ZATU755~a, ZATU755~a","ZATU755"
"𒮩","ZATU755~b","ZATU755~b, ZATU755~b","ZATU755"
"𒮪","ZATU756","ZATU756, ZATU756","ZATU756"
"𒮫","ZATU757","ZATU757, ZATU757","ZATU757"
"𒮬","ZATU758","ZATU758, ZATU758","ZATU758"
"𒮭","ZATU759","ZATU759, ZATU759","ZATU759"
"󲒦","ZATU761","ZATU761, ZATU761","ZATU761"
"𒮰","ZATU762~a","ZATU762~a, ZATU762~a","ZATU762"
"𒮲","ZATU762~b","ZATU762~b, ZATU762~b","ZATU762"
"𒮴","ZATU764","ZATU764, ZATU764","ZATU764"
"𒮵","ZATU765","ZATU765, ZATU765","ZATU765"
"𒮶","ZATU766","ZATU766, ZATU766","ZATU766"
"𒮷","ZATU767","ZATU767, ZATU767","ZATU767"
"󲒧","ZATU768","ZATU768, ZATU768","ZATU768"
"󲒨","ZATU769","ZATU769, ZATU769","ZATU769"
"󲒩","ZATU771","ZATU771, ZATU771","ZATU771"
"𒮸","ZATU772","ZATU772, ZATU772","ZATU772"
"𒮹","ZATU773~a","ZATU773~a, ZATU773~a","ZATU773"
"𒮺","ZATU773~b","ZATU773~b, ZATU773~b","ZATU773"
"𒮻","ZATU774","ZATU774, ZATU774","ZATU774"
"𒮼","ZATU775","ZATU775, ZATU775","ZATU775"
"𒮽","ZATU776","ZATU776, ZATU776","ZATU776"
"𒮾","ZATU777","ZATU777, ZATU777","ZATU777"
"𒮿","ZATU778","ZATU778, ZATU778","ZATU778"
"𒯀","ZATU780","ZATU780, ZATU780","ZATU780"
"𒯁","ZATU781","ZATU781, ZATU781","ZATU781"
"𒯂","ZATU782","ZATU782, ZATU782","ZATU782"
"𒯃","ZATU783","ZATU783, ZATU783","ZATU783"
"𒯄","ZATU784","ZATU784, ZATU784","ZATU784"
"󲒫","ZATU785","ZATU785, ZATU785","ZATU785"
"𒯅","ZATU786","ZATU786, ZATU786","ZATU786"
"𒯆","ZATU787","ZATU787, ZATU787","ZATU787"
"𒯇","ZATU788","ZATU788, ZATU788","ZATU788"
"𒯈","ZATU791","ZATU791, ZATU791","ZATU791"
"𒯉","ZATU792","ZATU792, ZATU792","ZATU792"
"𒯊","ZATU795","ZATU795, ZATU795","ZATU795"
"𒯋","ZATU797","ZATU797, ZATU797","ZATU797"
"𒯌","ZATU798","ZATU798, ZATU798","ZATU798"
"𒯍","ZATU799","ZATU799, ZATU799","ZATU799"
"𒯎","ZATU800","ZATU800, ZATU800","ZATU800"
"𒯏","ZATU801","ZATU801, ZATU801","ZATU801"
"𒯐","ZATU802","ZATU802, ZATU802","ZATU802"
"𒯑","ZATU802~b","ZATU802~b, ZATU802~b","ZATU802"
"𒯒","ZATU803","ZATU803, ZATU803","ZATU803"
"𒯓","ZATU804","ZATU804, ZATU804","ZATU804"
"󲒭","ZATU805","ZATU805, ZATU805","ZATU805"
"𒯔","ZATU806","ZATU806, ZATU806","ZATU806"
"𒯕","ZATU807","ZATU807, ZATU807","ZATU807"
"𒯖","ZATU808","ZATU808, ZATU808","ZATU808"
"𒯗","ZATU809","ZATU809, ZATU809","ZATU809"
"𒯘","ZATU810","ZATU810, ZATU810","ZATU810"
"𒯙","ZATU811","ZATU811, ZATU811","ZATU811"
"𒯚","ZATU812","ZATU812, ZATU812","ZATU812"
"𒯛","ZATU813","ZATU813, ZATU813","ZATU813"
"󲒮","ZATU814","ZATU814, ZATU814","ZATU814"
"󲒯","ZATU815","ZATU815, ZATU815","ZATU815"
"󲒰","ZATU817","ZATU817, ZATU817","ZATU817"
"󲒱","ZATU818","ZATU818, ZATU818","ZATU818"
"𒯜","ZATU819","ZATU819, ZATU819","ZATU819"
"󲒲","ZATU820","ZATU820, ZATU820","ZATU820"
"󲒳","ZATU821","ZATU821, ZATU821","ZATU821"
"󲒴","ZATU822","ZATU822, ZATU822","ZATU822"
"󲒵","ZATU823","ZATU823, ZATU823","ZATU823"
"󲒶","ZATU824","ZATU824, ZATU824","ZATU824"
"󲒷","ZATU825","ZATU825, ZATU825","ZATU825"
"󲒸","ZATU826","ZATU826, ZATU826","ZATU826"
"󲒹","ZATU829","ZATU829, ZATU829","ZATU829"
"󲒺","ZATU831","ZATU831, ZATU831","ZATU831"
"󲒻","ZATU831@g","ZATU831@g, ZATU831@g","ZATU831"
"𒯝","ZATU832","ZATU832, ZATU832","ZATU832"
"𒯞","ZATU833","ZATU833, ZATU833","ZATU833"
"𒯟","ZATU834","ZATU834, ZATU834","ZATU834"
"𒯠","ZATU835","ZATU835, ZATU835","ZATU835"
"𒯡","ZATU836","ZATU836, ZATU836","ZATU836"
"󲒼","ZATU837~a","ZATU837~a, ZATU837~a","ZATU837"
"󲒽","ZATU837~b","ZATU837~b, ZATU837~b","ZATU837"
"󲒾","ZATU838","ZATU838, ZATU838","ZATU838"
"󲈘","ZATU839","ZATU839, ZATU839","ZATU839"
"󲒿","ZATU840","ZATU840, ZATU840","ZATU840"
"󲓀","ZATU841","ZATU841, ZATU841","ZATU841"
"󲓁","ZATU842","ZATU842, ZATU842","ZATU842"
"󲓂","ZATU843","ZATU843, ZATU843","ZATU843"
"󲓃","ZATU844","ZATU844, ZATU844","ZATU844"
"󲓄","ZATU845","ZATU845, ZATU845","ZATU845"
"󲓅","ZATU846","ZATU846, ZATU846","ZATU846"
"𒯢","ZATU847","ZATU847, ZATU847","ZATU847"
"󲓆","ZATU848","ZATU848, ZATU848","ZATU848"
"󲓇","ZATU849","ZATU849, ZATU849","ZATU849"
"𒯣","ZATU850","ZATU850, ZATU850","ZATU850"
"𒯤","ZATU851","ZATU851, ZATU851","ZATU851"
"󲓈","ZATU852","ZATU852, ZATU852","ZATU852"
"󲓉","ZATU853","ZATU853, ZATU853","ZATU853"
"𒯥","ZATU854","ZATU854, ZATU854","ZATU854"
"󲓊","ZATU855","ZATU855, ZATU855","ZATU855"
"󲔢","ZATU856","ZATU856, ZATU856","ZATU856"
"󲔤","ZATU857","ZATU857, ZATU857","ZATU857"
"𒯦","ZATU858","ZATU858, ZATU858","ZATU858"
"𒯧","ZATU859","ZATU859, ZATU859","ZATU859"
"𒬀","ZI~a","ZI~a, ZI~a","ZI"
"𒬁","ZI~b","ZI~b, ZI~b","ZI"
"𒬂","ZI~d","ZI~d, ZI~d","ZI"
"𒬃","ZUBI~a","ZUBI~a, ZUBI~a","ZUBI"
"󲈜","ZUBI~b","ZUBI~b, ZUBI~b","ZUBI"
